ParticipantID,ParticipantSex,ParticipantAge,MMS1,MMS2,MMS3,MMS4,MMS5rc,MMS6rc,MMS7,MMS8,MMS9rc,MMS10,MMS11,MMS12,MMS13,MMS14rc,MMS15rc,MMS16,MMS17,MMS18,MMS19,MMS20,MMS21,MMS22,MMS23,MMS24,MMS25rc,MMS26,MMS27rc,MMS28,MMS29,MMS30,MMS31,MMS32,MMS33,MMS34rc,MMS35,MMS36,MMS37,MMS38,MMS39,MMS40rc,MMS41,MMS42,MMS43,MMS44,MMS45,MMS46,MMS47,MMS48,MMS49,MMS50,MMS51,MMS52,MMS53,MMS54,MMS55,MMS56rc,MMS57rc,MMS58,MMS59,MMS60,MMS61,MMS62,MMS63,MMS64,MMS65,MMS66,MMS67,MMS68rc,MMS69,MMS70rc,MMS71,MMS72,MMS73,MMS74,MMS75rc,MMS76,MMS77,MMS78,MMS79
1,2,38,5,3,4,5,3,6,2,3,5,1,5,2,7,4,4,5,2,2,2,5,5,2,1,1,4,4,3,2,2,1,6,2,2,4,6,2,1,1,1,1,1,7,7,5,5,3,3,4,4,2,2,6,6,3,3,4,4,5,5,3,5,2,2,4,6,6,6,3,5,5,6,2,2,3,5,7,5,3,3
2,2,45,2,2,6,5,1,4,4,1,6,4,7,4,6,3,4,5,4,4,4,4,1,5,4,2,4,6,3,1,1,1,3,1,7,3,1,1,5,2,1,1,4,6,2,1,1,6,4,1,1,1,6,2,6,1,1,3,1,2,5,5,1,1,1,1,1,1,1,1,4,1,3,1,2,1,2,1,1,4,1
3,2,47,1,1,7,3,1,4,3,1,2,2,7,4,7,1,3,5,2,3,5,3,1,5,1,1,4,5,2,1,1,1,1,1,7,2,1,1,1,2,1,1,1,3,2,2,1,2,5,1,1,1,5,1,1,1,1,2,1,2,1,6,5,1,1,1, ,1,1,1,5,2,1,2,4,1,3,1,1,5,1
4,2,23,7,5,4,6,2,4,4,5,6,5,7,5,5,4,3,3,6,4,4,3,6,6,5,4,5,2,2,5,4,3,6,4,4,4,5,4,6,5,4,5,5,4,3,5,4,3,6,3,3,6,6,6,5,4,5,4,6,6,4,3,7,6,5,4,3,6,3,5,6,4,5,6,4,3,3,5,4,6,3
5,2,26,4,3,3,4,4,5,4,5,3,5,4,4,4,4,4,5,3,4,4,3,4,5,5,5,5,5,5,4,4,4,5,5,3,4,3,4,6,4,4,4,4,4,4,4,5,5,5,5,4,4,4,5,4,4,5,5,5,4,5,4,4,3,4,4,4,5,4,4,3,3,4,3,4,4,4,5,4,4,3
6,2,23,6,5,4,3,2,2,5,4,2,4,6,4,4,2,3,4,3,3,4,6,3,3,2,6,4,3,5,3,2,6,5,4,4,5,6,5,4,3,3,2,5,4,4,3,3,5,3,3,2,5,6,4,3,2,5,4,5,4,7,5,6,5,3,5,4,4,6,3,3,4,5,5,5,3,5,4,5,3,5
7,2,41,7,1,5,5,2,3,2,6,3,6,5,5,1,7,5,1,4,5,6,6,3,4,7,2,4,2,2,2,4,7,6,2,4,1,3,3,4,7,1,7,3,6,3,7,2,5,3,1,1,4,3,6,4,4,2,7,6,5,7,6,6,6,6,5,4,1,6,7,6,6,4,7,6,2,1,1,1,7,5
8,2,24,5,5,3,3,3,4,5,3,5,5,4,5,5,4,3,5,4,3,4,3,4,5,3,3,4,5,3,4,5,4,5,4,3,5,5,4,4,3,3,4,4,3,5,5,5,4,4,3,5,4,5,5,4,4,3,4,5,4,5,5,5,5,3,3,5,4,5,3,4,3,5,4,4,5,3,5,4,3,4
9,2,37,5,4,5,5,2,2,5,6,6,5,5,6,6,2,3,4,5,4,6,5,4,6,4,5,3,6,3,5,4,5,2,3,6,6,1,3,5,1,3,6,5,5,1,1,3,5,5,5,3,2,6,3,5,1,4,4,4,4,1,2,4,5,4,4,4,5,3,3,5,3,5,4,4,4,5,4,3,5,4
10,2,23,6,6,4,3,3,3,4,3,3,4,3,2,5,4,5,6,5,4,3,6,6,4,6,5,3,4,5,5,4,3,6,4,5,4,3,5,4,5,4,4,6,5,4,3,5,3,2,5,4,2,6,5,4,4,6,3,5,3,3,5,6,4,3,3,5,2,5,4,3,3,5,4,3,3,3,3,3,6,4
11,2,29,6,4,5,4,2,3,5,6,3,5,4,3,4,3,3,4,5,5,4,5,6,5,6,5,3,6,2,5,6,7,7,7,6,1,6,6,6,5,5,2,6,5,5,6,6,5,6,6,5,5,4,5,5,6,6,2,3,5,7,4,6,5,6,5,5,6,7,1,7,2,4,5,5,4,3,5,6,5,6
12,2,36,2,2,2,1,2,4,4,4,7,1,1,6,6,4,4,5,6,6,6,6,2,6,4,4,3,3,5,4,4,3,2,6,7,2,2,4,5,4,6,4,6,6,2,4,6,6,6,6,6,4,7,2,7,6,6,4,4,4,4,6,2,2,6,6,2,2,2,6,2,6,2,2,2,2,6,4,2,2,4
13,2,28,2,1,6,1,2,2,6,1,7,1,1,5,5,3,3,5,5,5,5,5,1,5,1,4,4,5,3,4,1,5,1,1,6,2,1,1,5,1,1,4,5,5,1,1,1,6,5,1,1,1,1,2,5,4,4,4,3,4,4,4,4,4,5,4,2,4,3,5,3,5,4,5,5,4,4,4,4,4,4
14,2,36,1,2,6,5,1,6,5,1,4,2,2,5,7,3,4,4,2,4,3,7,1,6,2,1,6,4,3,1,1,1,1,1,7,6,1,1,6,1,1,4,5,6,1,1,5,4,5,1,1,1,6,1,6,1,2,2,1,1,2,6,3,1,3,1,1,1,2,2,1,4,2,5,1,2,5,1,3,1,1
15,2,28,1,1,6,1,2,3,6,1,7,1,1,5,5,7,7,6,4,5,5,5,1,5,3,1,7,6,2,4,1,5,1,1,5,3,4,4,4,3,4,4,5,6,1,1,1,6,4,1,1,1,5,1,5,4,3,5,4,4,4,4,4,4,4,4,3,3,5,3,4,4,3,5,4,4,4,4,4,3,5
16,2,46,1,1,2,1,1,4,1,1,5,1,7,1,5,7,7,5,1,1,1,1,7,1,3,1,1,2,1,1,1,1,1,1,7,7,1,1,4,1,1,1,7,1,7,1,1,5,4,1,1,1,4,1,1,1,1,1,1,1,1,6,1,1,1,1,1,1,1,1,1,7,1,1,1,1,6,1,1,1,1
17,2,30,1,1,6,4,1,1,5,1,7,1,7,2,7,1,2,7,4,1,3,1,1,7,1,1,7,5,1,1,1,1,1,1,7,1,1,1,7,1,1,1,5,2,1,1,1,3,1,1,1,1,6,5,5,1,1,2,1,1,5,6,1,1,1,1,1,1,1,2,2,2,1,5,1,1,2,1,1,1,1
18,2,40,1,1,7,1,1,1,1,1,7,1,7,1,7,2,5,6,1,4,1,1,1,3,1,1,1,1,2,1,1,1,1,1,7,7,1,1,1,1,1,2,5,7,1,1,1,1,1,1,1,1,7,1,6,1,1,1,1,1,7,3,1,1,1,1,1,1,1,1,5,7,1,1,1,1,7,1,1,1,1
19,2,51,1,1,6,5,1,4,5,1,7,1,1,6,7,4,7,7,1,4,5,7,1,4,1,1,4,6,4,1,1,1,1,1,7,4,1,1,1,1,1,7,4,7,1,1,1,1,1,1,1,1,7,1,5,1,1,7,7,1,1,5,1,1,1,1,1,1,1,4,1,7,4,3,1,1,7,1,1,1,1
20,2,28,2,1,6,2,2,2,7,1,7,1,1,6,6,4,3,5,5,5,6,6,1,5,5,1,6,1,7,4,1,1,1,5,5,3,1,4,4,3,4,3,6,6,1,1,1,1,4,4,4,5,6,1,5,4,4,4,3,5,4,4,5,5,5,3,3,3,5,4,4,5,3,5,4,4,4,4,4,3,5
21,2,59,1,5,6,4,2,5,2,2,5,2,6,2,4,3,3,6,2,1,3,2,2,4,6,2,4,6,6,2,5,2,2,2,7,4,2,1,4,2,2,3,2,2,2,4,2,2,2,2,1,1,3,2,4,2,2,2,2,2,2,5,5,2,2,2,2,2,2,4,2,6,2,2,2,2,6,1,2,2,1
22,2,66,1,1,6,5,2,2,2,1,4,1,6,6,6,2,4,5,2,2,2,6,1,7,4,1,2,6,4,2,2,2,1,1,7,4,4,2,6,4,1,1,5,7,1,4,1,1,1,1,1,1,7,4,6,4,1,1,1,2,1,7,2,2,2,2,1,1,4,1,5,1,2,4,1,1,7,1,1,7,1
23,2,37,1,1,7,1,1,1,7,1,7,1,7,1,7,7,1,7,5,4,6,5,1,5,3,5,5,7,7,5,5,5,6,5,7,7,3,5,7,1,1,1,6,7,1,1,1,6,6,1,1,6,7,1,6,6,6,1,1,1,6,7,1,1,7,7,1,6,6,2,6,7,1,1,6,6,7,6,1,6,6
24,2,34,1,1,6,7,1,2,4,1,1,1,4,5,7,4,3,7,5,6,5,7,1,7,5,3,3,7,4,1,3,7,7,7,7,1,4,2,6,2,6,6,7,7,1,2,1,7,3,1,5,1,7,1,5,2,6,2,3,5,1,4,5,4,1,1,1,2,1,2,1,3,5,7,1,3,1,1,1,1,1
25,2,28,5,1,7,5,1,4,6,1,4,1,6,6,6,2,3,1,3,6,2,5,1,5,2,1,7,6,6,1,1,1,1,1,6,4,1,1,5,1,1,7,4,6,1,1,4,1,4,1,4,1,7,1,5,1,1,1,7,1,1,6,1,1,1,3,1,1,1,7,4,7,1,5,4,4,7,1,1,1,1
26,2,23,1,5,6,1,2,4,5,1,6,3,6,4,7,1,3,6,2,4,5,4,1,6,1,2,2,6,5,2,2,4,5,2,7,2,1,2,5,1,2,2,6,4,2,1,4,5,5,2,5,2,5,3,5,1,2,4,3,2,7,6,1,1,1,1,1,1,5,2,2,4,2,5,7,1,2,1,1,4,1
27,2,48,2,1,7,5,1,3,6,1,7,1,7,6,7,2,2,3,1,1,1,5,1,5,3,1,7,7,3,1,1,1,1,1,7,2,1,1,5,1,1,7,1,7,1,1,1,2,2,1,1,1,7,1,5,1,1,2,2,1,3,5,2,1,1,1,1,1,1,2,1,3,1,5,1,1,1,2,1,1,1
28,2,50,1,1,7,4,1,1,3,1,7,1,7,1,7,7,5,7,1,1,7,5,1,7,1,1,1,7,4,1,1,1,4,1,7,6,1,1,7,4,1,7,2,4,1,4,1,4,4,7,1,1,4,7,7,1,1,1,4,1,1,7,2,1,1,1,2,4,6,4,1,1,5,6,1,1,2,1,1,4,1
29,2,36,2,1,6,5,1,3,4,1,7,1,6,4,7,6,3,6,6,5,6,7,1,7,5,5,4,6,5,1,5,5,1,4,7,5,1,1,7,4,5,7,5,7,1,6,6,7,7,1,4,2,7,4,4,2,2,2,5,2,2,4,5,2,2,6,5,5,3,3,2,3,2,2,2,2,3,6, ,4,5
30,2,34,1,1,4,4,3,4,4,1,4,1,7,4,7,1,4,7,5,4,4,4,1,7,5,3,5,4,1,3,1,4,2,4,7,3,1,3,5,3,1,3,4,7,2,3,2,4,4,2,1,1,7,2,4,1,3,2,5,1,1,7,3,1,2,1,3,2,2,4,3,3,3,5,1,1,3,3,1,2,2
31,2,50,1,1,6,1,2,2,6,1,7,1,7,2,7,7,7,1,6,1,7,6,1,7,1,1,1,7,1,1,1,1,6,1,7,1,1,1,7,1,1,1,4,7,6,1,1,7,1,1,1,1,7,1,7,1,1,1,1,1,4,7,1,1,1,1,1,1,1,1,1,2,1,1,4,1,2,1,1,5,1
32,2,53,2,2,6,5,4,4,2,2,7,1,4,2,6,3,6,6,2,6,5,5,1,2,4,2,6,6,4,2,2,2,1,2,7,5,2,2,6,2,2,4,6,2,1,2,2,5,5,2,2,2,2,2,6,2,2,2,6,2,6,7,2,2,2,2,2,2,2,6,5,6,5,6,2,2,2,2,2,2,2
33,2,38,1,1,6,2,1,4,4,1,4,1,5,4,7,1,2,5,1,2,5,1,1,7,1,1,7,7,2,1,4,1,1,1,7,3,1,1,6,5,1,4,2,5,1,5,2,1,5,1,1,1,6,5,5,1,1,1,1,2,5,6,5,1,2,1,4,1,6,3,5,3,3,5,5,5,3,2,1,1,1
34,2,23,1,1,7,1,1,1,4,1,7,1,7,4,7,1,7,4,4,6,6,6,1,7,1,4,4,4,1,4,1,1,1,1,7,1,1,1,4,1,1,2,6,6,1,1,1,5,1,1,1,1,6,1,4,1,1,3,1,1,4,4,1,1,6,1,1,1,1,1,1,1,1,1,1,1,2,1,1,4,1
35,2,42,2,4,7,5,1,2,6,1,4,4,7,1,6,3,2,4,2,3,4,4,1,2,1,1,4,7,4,1,4,1,1,4,5,4,1,1,5,1,1,4,3,4,1,1,4,1,4,3,1,1,4,1,4,1,1,1,1,4,4,4,4,4,1,1,1,1,1,4,4,4,4,5,4,5,4,3,4,4,1
36,2,61,2,5,5,2,1,4,6,1,7,1,6,3,7,6,5,5,2,3,6,7,1,6,2,2,4,7,2,2,2,2,2,5,6,3,2,2,3,2,2,6,6,5,1,3,2,5,6,3,2,2,5,5,7,2,2,2,3,2,7,6,5,2,3,2,2,2,5,2,6,3,2,2,6,3,4,2,2,3,2
37,2,49,4,2,6,5,2,4,5,2,3,1,4,5,6,3,2,4,4,6,6,3,1,4,5,3,4,6,6,2,5,2,2,4,7,4,1,1,6,1,1,2,2,7,2,2,4,2,6,2,4,2,7,2,5,1,1,2,3,3,4,6,2,5,4,2,2,2,7,3,5,6,3,4,1,6,4,2,2,4,1
38,2,36,2,2,6,4,2,2,7,4,3,2,5,5,6,1,5,7,6,7,7,7,5,6,4,5,7,7,4,2,4,2,4,2,7,5,3,2,7,1,3,3,7,5,3,2,1,5,5,1,1,2,4,4,7,3,3,2,6,2,5,6,2,1,4,1,1,1,7,2,3,4,2,1,2,5,6,3,1,6,2
39,2,33,3,2,6,7,1,1,2,1,6,1,6,3,7,4,3,2,2,5,6,6,2,6,2,2,4,6,6,2,6,2,2,2,6,2,2,2,6,2,2,6,4,6,1,1,3,2,3,1,2,2,5,6,6,1,2,2,3,1,7,6,2,2,3,2,2,5,2,2,5,3,6,5,4,2,3,4,2,2,2
40,2,27,2,1,6,6,2,1,6,6,2,1,7,7,7,1,1,7,7,7,7,7,7,7,7,7,1,7,1,7,7,7,7,7,7,1,7,7,7,7,7,1,7,7,6,7,7,7,6,6,7,7,6,7,6,6,6,2,2,6,6,6,6,6,6,6,6,6,6,2,6,2,6,6,6,6,2,6,6,6,6
41,2,53,4,2,5,5,1,5,3,1,5,1,7,2,6,2,3,4,2,5,5,4,1,6,3,2,4,5,4,1,5,1,2,2,6,3,2,2,4,1,2,3,2,5,2,1,3,2,4,1,1,2,3,2,4,2,2,2,1,3,6,4,1,1,2,1,1,2,2,2,3,5,2,3,4,3,4,2,3,2,1
42,2,67,1,1,6,5,1,2,4,7,5,7,6,2,6,1,2,7,1,2,1,2,1,4,4,1,4,5,1,1,1,1,1,1,7,2,1,1,2,4,1,1,6,2,1,4,1,2,5,7,1,1,3,1,5,1,1,1,2,1,1,6,4,1,1,1,4,2,3,2,1,4,1,5,1,1,2,1,1,4,1
43,2,32,5,3,5,5,2,3,5,6,3,6,6,5,5,2,3,6,5,6,6,5,5,6,6,6,5,5,3,6,6,6,6,5,6,1,7,7,6,6,7,3,5,6,5,5,6,6,5,6,6,6,5,6,5,6, ,3,2,7,6,7,6,7,7,6,6,6,7,3,5,2,6,7,7,6,1,6,6,7,6
44,2,33,1,1,7,5,1,1,4,1,3,1,7,1,7,1,2,6,2,1,1,4,1,4,1,1,7,6,7,1,1,1,1,1,6,3,1,1,1,1,1,1,6,6,1,1,1,1,1,1,1,1,6,2,2,1,1,2,1,1,4,5,1,1,1,1,1,1,1,1,1,7,1,1,1,1,2,1,1,1,1
45,2,25,3,2,6,5,1,2,5,2,2,2,6,4,6,4,3,4,4,4,4,6,2,6,5,4,5,6,4,4,4,3,2,4,6,3,2,2,4,2,4,4,4,6,2,4,4,4,4,4,3,2,6,4,5,3,4,3,4,4,3,5,4,4,3,3,4,2,4,3,4,3,4,5,2,3,3,3,4,3,4
46,2,46,5,1,6,4,3,2,5,4,4,5,6,2,7,2,2,7,5,4,4,5,4,4,5,1,6,4,5,1,2,1,2,3,7,3,1,1,4,2,1,5,4,5,5,3,2,3,5,4,2,2,2,5,6,5,6,3,1,4,5,5,5,2,1,2,1,2,4,3,4,3,3,6,2,3,4,1,2,3,1
47,2,29,2,2,6,2,2,3,4,2,5,5,6,5,5,3,3,5,3,2,5,4,2,5,5,4,3,5,3,2,3,2,4,2,6,2,2,2,5,4,3,2,3,4,3,3,5,2,3,5,6,2,6,1,5,2,4,3,4,5,5,4,6,4,5,5,6,5,4,3,4,5,4,4,3,3,4,3,5,3,2
48,2,54,1,1,6,2,1,2,1,1,7,1,7,1,5,4,1,6,5,1,7,1,1,1,1,1, ,5,3,5,5,5,5,5,7,5,1,4,7,1,1,4,6,6,1,1,6,4,6,6,4,6,6,6,6,1,1,2,7,4,1,1,1,1,1,1,1,1,1,2,6,7,1,1,1,1,7,1,1,1,1
49,2,32,2,2,6,1,2,6,2,1,6,1,6,4,6,2,6,6,2,2,5,2,2,5,2,2,4,6,4,2,2,2,2,6,6,3,2,4,5,1,2,2,5,5,2,1,2,4,5,2,2,2,5,5,5,2,2,3,3,2,5,5,5,2,2,2,2,4,5,2,4,2,2,5,4,2,5,2,2,5,2
50,2,41,2,1,5,6,3,4,1,1,4,1,4,1,7,2,4,7,4,6,7,4,3,2,1,1,7,3,4,1,4,1,2,2,7,4,1,1,3,3,1,2,4,6,1,3,4,3,4,3,1,3,6,4,1,1,2,4,1,2,3,7,3,2,4,3,1,3,4,1,6,4,6,7,3,2,7,1,1,1,2
51,2,24,1,1,7,1,1,7,7,1,1,1,7,7,7,2,1,7,7,7,7,7,1,7,1,7,1,7,1,1,4,4,1,7,4,1,1,1,5,1,1,1,7,7,1,1,1,7,7,1,1,1,7,1,1,1,1,1,1,1,1,7,1,1,1,1,1,1,1,7,4,7,1,1,1,1,1,1,1,7,1
52,2,55,1,1,5,1,2,3,2,1,5,2,7,5,6,4,3,4,3,3,3,5,4,4,1,1,5,5,5,1,1,4,2,4,7,3,1,1,5,4,1,1,5,4,1,4,1,5,3,3,1,1,5,1,4,1,4,2,1,4,1,3,4,1,4,1,1,3,4,4,1,3,1,1,1,1,3,1,1,4,1
53,2,26,1,1,7,5,1,2,5,1,2,1,7,4,6,3,2,3,5,3,5,3,1,7,3,1,4,5,1,1,3,1,1,6,7,1,1,1,3,2,1,1,6,5,1,2,5,7,5,5,2,1,7,5,2,1,1,1,1,2,1,2,1,1,1,3,1,2,5,1,5,2,1,6,1,2,2,2,1,5,1
54,2,32,6,6,6,6,2,2,6,6,6,2,6,6,6,2,2,6,6,6,6,6,3,5,2,2,6,2,3,2,5,1,5,5,6,2,6,2,6,6,6,6,6,6,6,6,6,6,6,6,6,5,5,6,6,6,6,2,2,6,6,6,5,3,4,4,1,1,5,4,4,3,6,5,5,5,2,6,3,5,2
55,2,29,7,3,6,5,2,2,5,2,4,3,6,5,7,3,3,6,5,5,6,5,2,6,5,3,3,5,6,5,5,3,2,5,6,2,2,5,6,3,3,5,5,5,2,3,5,5,6,3,3,5,5,5,6,3,3,5,2,3,3,6,3,3,5,5,3,3,6,2,5,5,6,5,3,3,5,2,3,3,6
56,2,72,1,1,7,6,1,4,1,1,7,1,7,1,7,1,4,5,1,4,2,4,1,4,1,1,1,4,4,1,4,1,1,1,7,7,1,1,4,1,1,4,4,4,1,1,4,1,1,1,1,1,4,4,4,1,1,3,1,1,1,7,1,1,3,1,1,1,4,1,4,4,5,3,1,1,4,1,1,1,1
57,2,41,2,1,5,7,1,1,4,1,1,1,7,4,7,1,1,3,2,2,3,4,1,5,5,2,3,4,2,1,2,2,3,2,6,1,1,1,3,1,1,7,1,6,1,1,2,1,6,1,1,1,6,4,3,1,1,7,7,1,2,4,2,2,2,2,2,1,1,7,1,7,5,7,1,1,1,1,1,1,1
58,2,40,4,5,5,3,1,4,2,1,3,4,7,4,6,3,2,5,1,3,5,3,1,3,1,1,4,4,1,1,1,1,5,1,5,3,3,3,3,1,1,1,1,4,5,1,1,1,5,1,1,1,4,2,5,1,1,4,1,1,5,5,4,1,1,1,1,4,3,4,3,1,1,5,1,1,1,1,1,5,1
59,2,19,1,1,1,1,1,7,1,1,7,1,1,1,1,7,7,7,7,1,1,1,1,1,1,1,7,1,1,1,1,1,1,1,6,7,1,1,1,1,1,1,5,1,1,1,1,1,1,1,1,1,1,1,1,1,1,7,1,1,1,1,7,1,1,1,1,1,1,7,1,7,1,1,1,1,1,1,1,1,1
60,2,23,1,7,2,2,2,1,2,3,6,1,6,2,5,2,2,7,6,4,5,2,2,1,5,6,4,6,1,5,2,7,5,7,6,3,1,3,1,1,1,1,7,3,5,1,1,7,5,4,1,4,6,1,6,1,1,5,1,1,6,7,2,1,1,5,1,1,7,1,3,1,2,2,5,1,6,1,1,6,5
61,2,36,1,1,7,5,1,4,5,1,7,1,7,3,7,3,6,5,3,4,7,5,1,7,3,1,6,7,7,1,2,1,1,1,7,6,1,1,7,3,1,3,5,7,1,3,5,2,6,2,4,1,7,5,7,2,1,1,1,1,3,7,3,1,5,1,2,1,6,1,1,3,2,2,1,1,5,2,1,4,1
62,2,41,1,1,6,1,1,4,5,1,7,1,5,4,7,1,3,7,1,6,6,5,1,7,5,1,4,6,1,3,4,1,6,3,7,3,1,1,5,1,1,1,7,7,4,2,3,1,5,4,1,4,7,1,7,1,5,3,1,5,3,7,5,1,1,1,1,5, ,1,5,1,2,1,1,5,1,3,1,7,1
63,2,28,1,2,6,3,1,4,2,1,3,1,5,2,6,1,3,6,5,3,5,4,1,6,1,1,7,3,7,1,1,1,1,1,5,3,1,1,4,1,1,7,5,6,1,1,1,1,5,1,1,1,5,1,5,1,1,7,7,1,1,5,1,1,1,1,1,1,4,3,5,5,2,2,1,1,3,1,1,6,1
64,2,62,2,3,7,4,1,1,4,2,2,4,6,2,7,2,1,4,1,2,2,4,1,7,4,1,7,5,2,1,2,1,2,1,7,1,1,1,6,4,1,1,2,6,1,4,4,1,2,1,1,1,6,4,1,1,1,2,1,1,2,4,2,1,1,4,4,1,1,1,4,2,4,7,1,1,2,1,1,4,1
65,2,35,4,3,5,5,4,3,6,4,4,5,6,4,5,2,3,4,5,6,6,5,5,6,5,6,4,5,2,7,5,6,4,5,6,1,5,6,4,5,6,3,6,5,6,7,5,6,7,5,6,5,5,6,7,5,7,4,3,6,7,4,6,7,4,5,4,6,4,3,6,2,7,6,5,5,2,7,6,5,5
66,2,31,2,3,7,5,1,2,6,2,5,3,5,3,5,2,1,5,5,2,6,3,2,6,1,6,3,6,2,2,2,5,3,5,7,1,1,2,5,2,6,2,5,6,1,1,2,6,5,5,2,3,5,2,7,5,4,3,1,4,5,6,5,5,2,5,1,2,5,3,5,3,3,3,5,2,2,3,5,5,1
67,2,33,5,3,7,6,1,4,4,1,6,2,6,4,7,2,3,6,1,2,6,4,1,4,2,2,4,5,4,1,5,1,1,2,6,3,1,4,6,3,1,6,4,6,1,3,3,1,6,1,2,1,6,5,6,2,2,2,2,2,5,5,3,1,2,2,3,1,4,4,3,3,5,5,4,2,4,3,2,4,1
68,2,50,2,1,6,2,1,3,1,1,5,2,6,2,6,2,5,6,2,2,6,4,2,5,3,1,3,4,2,1,4,1,3,2,7,2,1,2,3,3,1,4,5,5,1,3,2,2,2,2,1,1,7,2,6,1,2,1,4,2,1,4,2,1,4,1,2,2,2,3,4,4,2,2,2,2,4,2,2,2,1
69,2,31,5,2,7,3,1,4,3,1,6,2,7,2,4,3,5,4,2,2,4,5,4,5,1,1,1,5,2,2,6,1,1,1,6,5,1,1,5,1,1,4,1,7,1,1,1,1,1,1,1,1,7,1,5,1,1,2,2,4,5,5,1,1,4,2,1,1,1,4,5,7,1,5,1,4,5,5,2,4,1
70,2,45,2,2,6,4,2,6,2,2,6,2,6,2,6,2,2,4,1,1,4,2,2,2,4,1,7,4,6,1,1,1,2,2,5,6,2,2,4,2,2,4,4,4,2,2,2,2,2,2,2,2,2,2,2,2,2,6,6,2,2,2,2,2,2,2,2,2,2,6,2,6,2,4,2,2,6,2,2,2,2
71,2,35,2,2,6,5,2,5,4,2,6,5,6,4,6,2,6,5,2,5,6,4,2,6,2,2,4,6,6,2,2,2,2,5,6,5,2,2,6,1,2,2,5,5,2,2,2,4,5,2,4,2,6,2,6,2,2,3,2,2,6,6,2,2,6,2,2,2,2,2,5,2,5,2,2,4,6,4,4,4,2
72,2,32,3,5,6,5,1,1,4,1,4,3,7,3,5,2,4,5,2,5,3,5,1,6,6,4,4,5,5,4,5,4,1,5,6,5,1,1,6,1,1,2,5,4,1,1,5,4,6,4,5,4,5,3,2,1,1,3,1,5,5,6,7,5,3,1,2,4,5,1,6,5,2,5,2,2,6,3,2,2,2
73,2,51,1,3,6,3,2,3,2,1,4,1,4,2,5,4,3,5,2,2,5,4,1,4,1,3,4,2,2,1,2,4,1,1,4,5,1,1,5,1,1,3,4,5,1,1,3,2,3,1,1,1,4,2,1,1,1,3,2,2,3,5,1,2,1,2,1,2,4,2,5,3,2,2,1,1,3,1,1,5,1
74,2,38,3,1,7,3,1,5,5,1,5,1,6,5,7,2,3,7,6,6,6,4,1,7,6,3,4,6,5,1,1,2,5,5,7,2,1,1,5,2,1,2,6,5,5,1,6,6,5,5,4,1,5,3,5,2,1,2,3,1,6,7,2,1,2,1,2,2,1,7,5,6,3,5,2,5,7,1,1,1,1
75,2,32,1,1,7,2,1,4,7,1,2,1,7,5,7,1,1,7,2,7,2,6,1,7,1,1,1,7,2,3,1,1,1,1,6,2,1,1,1,1,3,3,6,7,1,1,1,5,4,1,1,1,6,1,1,1,1,2,1,1,4,3,1,1,1,1,1,1,1,1,1,2,1,6,1,1,2,1,1,4,3
76,2,33,2,6,5,4,4,4,4,4,3,3,4,4,5,2,1,4,4,4,5,4,3,4,3,4,4,4,5,1,2,1,4,4,6,1,4,4,4,4,2,4,4,2,4,4,4,4,3,3,1,1,2,4,4,4,2,1,3,4,7,5,2,4,2,2,4,4,6,4,5,2,1,5,4,3,3,1,4,6,2
77,2,33,5,1,6,6,1,1,1,1,4,1,7,2,6,1,3,7,3,3,6,2,1,5,2,2,5,5,2,1,5,2,2,5,7,3,1,3,5,2,1,4,6,3,1,2,5,5,6,1,2,2,5,6,7,2,1,3,2,1,7,6,1,1,1,1,2,1,2,2,6,3,6,5,5,5,3,2,2,5,1
78,2,45,1,1,7,2,1,3,1,1,5,3,7,4,7,7,4,7,4,2,7,5,1,3,5,4,4,5,7,1,7,5,5,1,7,4,1,4,7,4,1,7,6,5,1,1,5,5,5,4,4,3,6,3,7,5,1,3,3,1,4,7,5,5,5,4,1,6,5,2,6,4,3,1,3,6,2,5,1,5,1
79,2,23,5,4,3,3,4,3,4,4,5,5,2,2,6,3,3,6,5,4,5,6,2,5,5,5,5,3,6,1,4,5,3,3,6,3,4,4,5,6,3,1,6,5,4,6,3,6,7,2,1,1,2,3,3,6,3,6,5,4,2,2,2,3,2,2,3,2,2,7,4,5,2,2,5,2,6,1,3,2,4
80,2,28,2,2,2,2,3,2,6,5,4,3,6,6,6,6,3,5,4,3,3,4,5,5,2,2,5,6,6,2,6,3,2,4,7,4,3,3,4,4,3,5,6,6,5,5,3,3,6,6,6,6,6,3,4,5,3,5,3,4,2,2,3,2,2,3,2,2,3,5,3,5,2,2,2,3,5,3,3,2,3
81,2,34,1,1,6,4,2,2,1,1,7,1,6,3,5,4,6,5,1,1,5,1,1,5,1,1,7,5,4,1,1,1,1,1,7,7,1,1,6,4,1,4,1,5,4,4,3,4,4,5,4,4,4,1,4,1,4,5,6,1,1,1,1,1,1,1,1,1,1,7,1,7,4,3,3,4,4,3,3,4,1
82,2,29,2,1,4,4,2,4,6,1,4,1,6,2,5,4,1,5,3,2,5,4,1,4,4,1,1,5,4,1,5,2,3,2,6,2,1,1,6,2,1,5,2,4,1,2,2,2,5,2,2,2,5,2,6,5,2,2,2,2,6,5,2,2,2,2,2,2,6,2,2,2,3,5,2,2,2,6,2,2,2
83,2,26,3,2,6,5,1,2,3,1,2,2,6,2,7,3,2,4,3,2,5,5,1,4,2,2,4,5,5,2,2,2,1,4,7,2,1,1,2,2,2,3,3,4,1,2,2,2,6,2,1,1,6,5,6,3,1,2,3,1,2,5,2,2,3,2,2,2,3,2,3,4,2,3,2,2,2,2,2,4,1
84,2,31,3,3,5,6,6,3,6,2,5,3,2,4,2,3,6,5,5,3,6,5,2,5,2,6,4,2,2,2,5,5,2,6,6,2,6,2,2,4,5,5,2,4,6,3,2,5,6,2,4,3,2,3,6,6,5,5,3,5,3,4,2,5,5,7,3,4,2,3,5,5,3,5,3,2,3,6,4,2,3
85,2,45,1,1,5,5,1,7,3,1,4,1,7,1,5,3,6,7,1,1,3,3,1,5,1,1,7,5,5,1,3,1,1,1,7,7,1,1,1,1,1,4,6,4,1,1,4,3,4,1,1,1,5,5,5,1,1,3,1,1,5,5,4,1,1,1,1,1,3,3,1,3,1,5,4,4,3,1,1,4,1
86,2,33,5,3,5,3,1,3,5,1,6,3,7,3,6,2,3,2,2,5,6,5,1,7,2,2,4,6,5,2,2,2,1,5,6,5,1,2,7,2,3,5,2,3,1,2,2,2,6,2,2,2,5,2,6,1,2,2,1,2,7,7,5,1,2,2,2,2,5,3,5,6,2,5,3,1,6,1,2,2,2
87,2,21,1,1,7,1,1,5,5,1,2,1,7,5,7,1,1,7,1,5,7,5,1,5,1,1,1,7,5,1,6,1,5,5,6,2,1,1,6,1,1,1,2,3,4,2,2,2,4,1,1,1,5,1,7,1,1,1,1,1,1,5,1,1,1,1,1,1,1,1,1,7,1,7,1,1,1,1,1,1,1
88,2,23,5,5,5,5,3,3,5,3,3,3,5,3,5,5,2,4,4,5,6,4,3,5,3,3,4,4,3,2,2,2,2,4,5,3,2,2,4,4,4,5,5,6,2,2,2,2,2,3,3,3,4,4,4,4,4,4,2,4,4,5,3,3,3,3,2,2,5,3,3,3,3,6,6,3,5,3,3,3,3
89,2,32,6,5,7,7,1,2,6,4,3,7,5,5,7,4,2,6,3,6,5,7,4,6,2,1,5,7,5,2,4,1,4,2,5,2,2,2,6,2,1,6,2,7,4,1,6,1,6,6,4,2,7,6,6,3,3,3,3,4,7,5,2,1,1,2,5,1,5,2,5,4,6,5,6,4,2,2,1,4,1
90,2,35,2,5,3,2,5,3,4,2,2,4,2,1,3,5,3,6,4,3,2,4,3,5,3,2,5,2,3,4,3,5,5,2,7,2,5,3,2,4,5,7,4,2,4,2,5,3,2,3,5,3,3,2,4,3,6,4,6,3,2,5,5,3,6,5,3,2,1,2,4,5,5,3,6,2,3,3,2,6,5
91,2,34,6,5,7,7,1,2,1,1,7,1,7,1,7,2,2,7,1,4,5,4,4,7,1,1,1,4,1,1,1,2,1,7,7,1,1,1,7,1,1,7,7,6,1,1,1,7,7,4,1,1,6,6,5,1,1,1,1,1,5,7,1,1,1,1,1,2,7,1,5,1,7,1,1,1,1,1,1,4,1
92,2,49,2,2,6,6,1,6,2,2,2,1,7,2,7,2,3,4,2,2,4,4,1,7,6,1,4,4,2,1,1,1,1,1,4,4,1,1,4,3,1,2,4,6,1,3,3,2,3,1,1,1,6,2,5,2,1,1,1,1,4,4,2,1,2,1,2,2,2,7,5,4,5,5,4,2,3,2,1,3,1
93,2,53,4,2,5,5,2,4,5,1,4,4,6,4,6,4,3,6,4,3,5,5,1,5,4,4,4,5,5,2,4,4,2,3,7,3,3,1,6,3,4,4,6,6,2,2,4,4,5,4,3,2,6,5,5,5,2,2,3,1,4,4,2,4,3,3,2,2,4,5,3,3,5,5,2,1,4,4,2,4,3
94,2,20,5,6,6,4,1,2,5,5,5,4,1,5,5,5,2,5,1,2,4,4,5,6,7,3,4,6,1,6,3,4,1,1,6,5,6,6,2,6,4,4,6,4,4,4,5,6,6,7,5,4,3,5,7,4,3,3,2,6,5,5,4,7,7,5,5,2,5,4,6,3,4,6,3,7,4,6,6,6,5
95,2,33,2,1,6,6,2,3,2,2,3,2,6,3,6,2,2,4,3,2,6,4,1,4,2,2,4,3,4,2,2,2,2,2,5,3,2,2,6,2,2,4,2,4,2,2,2,2,5,4,2,2,6,4,6,2,2,3,2,3,5,6,2,2,2,2,2,2,3,4,5,4,6,6,3,3,3,2,2,4,2
96,2,44,4,2,6,6,4,3,4,1,5,1,4,5,7,3,3,5,3,3,5,5,2,5,3,1,5,6,2,1,3,1,2,4,7,3,1,1,6,3,1,2,5,4,4,3,5,1,5,2,2,1,5,6,6,1,1,2,1,1,4,6,1,1,1,1,1,1,5,2, ,3,5,5,1,1,3,1,1,7,1
97,2,26,2,4,6,2,2,2,5,1,2,1,5,5,5,3,2,3,2,2,1,3,1,4,1,1,7,5,3,1,1,1,1,5,3,3,1,6,6,5,6,2,5,5,6,2,1,5,2,2,5,2,4,5,5,3,5,2,1,2,6,5,6,6,3,3,1,6,5,4,5,3,1,6,5,2,2,5,2,3,1
98,2,42,4,4,5,5,5,2,3,2,3,4,4,2,6,5,3,4,3,5,5,5,1,4,1,4,5,5,2,2,3,4,5,3,6,2,1,1,6,4,2,3,2,4,2,4,3,2,5,5,1,1,4,5,5,1,2,2,1,2,1,6,2,1,1,1,1,1,6,1,2,1,2,5,1,1,1,1,1,7,1
99,2,41,3,1,7,7,1,2,5,1,4,4,7,3,7,2,3,7,2,4,4,3,1,7,7,2,4,7,6,1,5,1,4,4,7,7,1,1,6,1,1,1,2,7,2,1,5,1,6,1,1,1,7,6,7,5,3,1,7,1,6,6,1,1,7,1,1,1,1,2,5,2,5,5,5,1,6,1,1,4,1
100,2,32,3,1,5,5,1,5,3,1,4,1,4,4,5,4,3,5,4,3,4,4,1,4,5,3,4,4,3,2,3,3,1,4,5,3,1,1,6,4,2,5,4,4,1,4,3,5,5,1,4,2,5,5,5,2,2,3,3,2,4,4,4,1,3,1,2,2,2,3,2,3,5,5,2,2,3,2,2,4,2
101,2,51,1,1,7,5,1,1,1,1,1,1,7,1,7,4,1,7,1,6,3,4,1,7,1,1,4,7,7,1,6,1,1,1,3,1,1,1,7,1,1,1,1,6,1,1,1,1,1,1,1,1,7,7,4,1,4,1,1,1,1,6,1,1,1,1,1,5,2,1,1,7,1,7,1,1,1,1,1,1,1
102,2,30,6,5,5,5,3,3,3,3,5,3,5,3,4,4,4,4,3,3,4,4,6,4,5,4,5,3,4,4,4,4,5,4,4,4,5,3,3,4,3,4,5,5,5,4,4,4,4,4,4,4,6,4,4,5,5,4,5,4,3,3,3,3,3,3,3,3,3,4,4,4,4,4,4,4,4,4,4,4,5
103,2,34,5,1,6,6,1,3,6,5,6,1,2,6,6,3,2,7,6,6,7,2,2,6,2,1,6,6,2,5,5,1,1,5,7,7,1,5,6,6,5,2,5,6,5,6,5,6,6,1,6,5,7,5,7,6,5,1,2,1,6,6,1,5,6,1,1,1,5,7,5,6,5,5,2,1,6,2,1,5,5
104,2,21,3,2,6,4,3,4,2,2,4,2,6,4,6,2,3,5,4,4,6,4,2,4,5,3,4,5,3,3,5,4,3,5,6,5,3,4,6,1,2,2,5,4,4,1,5,4,5,2,4,3,4,5,6,2,2,2,1,2,6,6,2,2,4,3,2,4,6,2,4,3,2,4,3,3,3,2,2,6,4
105,2,27,5,2,6,6,1,2,6,2,5,5,6,3,5,2,2,7,6,6,6,6,1,6,3,5,4,6,3,6,5,5,1,5,6,3,2,4,5,5,5,4,5,6,2,5,5,3,5,5,3,4,6,5,6,3,5,3,5,5,5,5,5,5,5,6,5,5,6,3,5,3,5,5,3,2,3,5,2,5,5
106,2,32,2,1,7,2,1,1,2,1,7,1,7,3,7,1,2,6,5,5,6,2,1,6,2,1,7,6,1,2,2,2,1,5,7,5,1,1,6,2,2,2,6,5,1,2,1,2,6,2,2,2,3,2,6,2,2,2,1,2,7,7,2,1,2,1,2,2,2,1,6,6,2,2,7,3,5,2,2,2,2
107,2,39,5,1,6,6,1,1,5,1,5,1,7,5,7,2,2,6,3,3,7,5,1,4,1,2,1,7,5,2,4,2,1,1,7,1,1,1,7,2,1,7,2,5,1,2,3,2,6,4,1,1,7,4,5,1,1,3,2,2,2,6,2,1,2,2,2,2,6,3,3,4,5,7,1,2,5,1,2,5,2
108,2,45,2,2,6,6,1,2,2,1,7,1,7,4,6,2,3,6,3,2,5,2,1,5,2,2,4,3,5,1,2,2,6,2,7,5,5,2,6,6,1,5,5,3,3,7,6,3,7,1,4,1,6,6,6,2,1,1,3,1,2,7,5,6,3,5,5,1,7,3,5,3,5,7,2,2,5,1,1,6,1
109,2,28,3,3,6,5,1,4,2,1,5,4,6,3,6,1,1,4,1,4,6,4,1,3,1,3,7,3,6,3,2,2,2,5,3,6,1,1,4,1,1,3,4,5,1,1,6,4,5,4,5,4,6,5,7,2,3,2,2,1,6,5,2,3,2,5,1,4,5,5,4,4,2,4,6,5,1,3,3,6,2
110,2,51,1,2,6,5,2,3,1,1,1,1,6,5,6,2,1,7,4,3,5,5,1,5,3,1,1,6,5,5,5,1,1,5,5,1,1,1,6,1,1,3,1,6,1,1,5,2,5,1,1,4,6,6,6,1,1,2,2,1,6,6,5,1,1,5,1,1,5,1,5,2,6,7,3,3,2,1,1,7,1
111,2,36,2,2,6,2,2,4,4,1,2,1,7,4,6,1,2,7,4,4,6,4,1,4,1,1,4,4,1,1,1,1,4,1,6,1,1,1,4,1,1,2,6,4,1,1,1,4,4,4,1,1,4,2,6,1,1,2,1,1,2,4,6,1,1,1,1,1,1,1,4,2,1,1,1,1,2,7,1,7,1
112,2,41,2,3,6,4,1,4,7,1,3,1,5,3,6,3,3,4,2,2,2,4,1,4,5,1,4,5,1,1,2,1,1,1,5,1,1,1,5,4,1,4,4,6,1,4,2,1,2,1,1,1,6,1,5,1,1,2,4,1,1,4,4,1,1,1,4,2,2,3,1,4,1,5,1,1,3,1,1,1,1
113,2,26,3,5,4,4,6,3,3,3,3,4,3,5,5,4,4,2,3,3,2,5,4,3,3,5,4,6,2,3,5,5,5,3,4,4,2,6,4,5,5,5,4,6,5,5,3,4,4,2,5,5,6,3,5,5,4,4,6,6,5,5,4,6,6,5,5,2,4,5,3,3,6,4,5,5,5,4,4,3,3
114,2,32,5,6,5,3,5,3,5,5,4,4,6,5,5,2,4,5,5,6,6,5,6,5,6,6,2,5,4,4,5,5,6,5,5,2,5,6,6,5,6,2,6,6,5,6,5,5,5,6,6,5,5,4,4,5,6,3,3,6,6,6,4,4,5,5,5,4,5,3,4,2,4,5,6,5,3,6,5,5,5
115,2,31,2,1,5,5,1,6,5,1,4,1,7,2,7,5,2,7,4,4,5,6,1,7,1,1,7,6,7,1,1,1,1,2,6,3,1,1,6,4,1,6,5,6,1,2,1,4,4,1,1,1,5,5,5,6,1,2,3,1,7,6,2,1,2,1,3,1,5,5,5,3,4,5,3,4,3,5,4,4,2
116,2,41,3,5,7,5,1,4,2,3,6,1,4,2,7,1,2,5,1,1,1,4,2,6,3,1,7,6,5,1,1,1,2,3,6,1,1,1,7,1,1,2,2,4,3,1,1,2,5,1,2,1,2,6,3,5,2,1,1,3,2,6,2,1,2,1,1,1,4,1,3,1,2,6,1,1,7,2,1,3,1
117,2,38,4,2,5,6,1,4,4,1,4,2,6,3,6,2,2,6,4,2,4,4,1,4,3,2,4,5,3,1,3,4,4,5,6,1,2,3,5,1,2,1,3,4,4,1,5,1,4,1,2,1,4,5,5,2,2,2,1,2,6,4,6,2,1,1,2,2,4,3,5,4,5,6,3,3,2,2,4,6,1
118,2,44,2,1,6,4,4,2,6,2,2,6,6,4,7,2,6,7,7,6,6,6,2,2,6,2,4,6,4,2,1,1,2,6,7,4,1,1,3,2,1,2,1,6,1,1,1,7,4,6,1,1,7,1,5,1,4, ,2,6,2,6,2,5,4,2,3,1,3,7,1,5,1,2,1,1,4,2,1,1,1
119,2,28,6,4,4,5,2,3,2,4,7,5,4,4,5,1,7,2,4,3,7,4,4,2,1,1,2,4,1,2,1,1,4,1,6,7,3,6,6,5,1,3,2,4,2,7,1,2,6,2,1,1,4,7,2,1,1,2,3,2,1,7,5,2,7,1,7,1,7,1,1,1,1,1,1,1,7,1,1,6,1
120,2,28,5,4,5,3,1,6,3,2,4,5,5,1,6,1,2,4,1,2,6,5,1,4,6,1,4,5,4,4,4,5,1,4,4,4,1,1,7,3,1,6,4,4,1,1,2,2,6,1,2,5,7,4,7,7,4,3,2,5,7,7,2,5,3,5,1,5,7,3,6,4,4,6,6,2,5,7,4,4,4
121,2,31,2,5,7,7,2,3,3,1,2,5,6,1,7,3,1,3,1,3,3,6,1,6,3,3,4,5,6,1,5,2,1,3,5,1,1,1,7,2,1,5,3,6,1,3,2,1,3,5,4,2,6,5,5,1,1,3,3,5,5,3,5,7,1,3,5,2,5,5,6,5,5,6,1,1,1,1,4,4,1
122,2,41,5,5,4,5,1,3,4,1,3,1,7,2,5,1,1,5,2,3,4,5,1,1,1,5,5,4,1,1,2,4,3,4,6,4,1,4,6,4,1,2,5,4,1,4,3,4,4,1,4,2,5,5,6,1,1,1,2,2,6,4,5,1,1,4,5,1,6,2,5,3,4,7,5,5,2,1,1,6,2
123,2,43,2,2,7,4,7,4,2,1,2,1,6,3,6,1,2,6,2,5,4,3,1,5,4,1,7, ,7,1,5,2,2,3,6,2,2,2,5,2,1,6,5,5,1,1,5,3,2,1,2,1,6,2,6,1,1,1,3,2,2,4,1,1,1,1,1,2,3,4,5,5,5,5,1,1,1,1,1,1,1
124,2,48,5,1,5,6,1,2,6,1,7,5,6,2,6,3,1,7,1,1,3,6,4,5,2,5,6,6,2,1,5,1,5,1,7,7,5,1,7,4,1,4,3,7,5,2,1,1,5,1,6,1,6,7,6,7,1,1,3,1,6,3,4,6,1,1,3,5,6,2,1,2,6,6,6,6,7,3,3,6,1
125,2,42,5,2,7,5,2,3,1,2,6,3,5,2,6,7,3,5,1,1,2,3,3,2,1,1,1,5,2,2,1,2,2,5,7,3,1,4,7,2,1,6,1,4,5,2,1,1,3,4,1,2,4,6,3,1,1,2,2,1,5,6,2,6,1,6,2,4,6,2,6,7,5,3,1,1,3,1,1,1,3
126,2,25,3,2,5,6,1,2,2,1,2,2,7,3,6,1,1,5,1,2,2,3,1,4,2,1,4,6,2,1,3,2,6,5,5,2,2,2,6,2,1,3,3,6,3,3,3,1,3,2,4,1,5,7,6,3,1,2,1,1,5,3,3,3,1,5,5,3,3,2,5,1,5,5,2,2,2,2,2,7,1
127,2,42,2,2,6,2,1,4,2,2,3,2,7,2,6,3,2,6,4,5,5,4,2,5,2,2,4,5,5,4,4,4,5,4,7,5,5,4,5,5,5,1,5,4,5,5,5,5,5,5,6,4,5,4,2,5,6,4,3,6,4,5,4,5,5,5,4,5,3,5,3,5,2,3,7,5,5,3,3,3,2
128,2,26,3,1,5,4,1,4,4,1,6,1,7,4,6,2,6,4,4,4,6,4,1,4,1,3,4,5,4,2,4,3,1,4,6,4,1,2,4,2,4,5,4,4,1,2,4,4,5,1,4,2,4,5,4,3,2,4,2,2,2,6,2,2,4,2,2,2,5,2,3,4,4,3,2,1,3,2,2,4,3
129,2,30,4,3,3,4,1,4,5,2,4,5,7,3,4,5,4,7,5,5,7,3,2,2,2,3,6,6,2,2,1,2,4,2,7,4,4,2,3,1,3,1,7,3,4,1,1,6,6,2,1,2,4,5,6,2,2,4,1,2,4,6,2,2,2,1,1,2,4,1,3,6,2,2,2,1,4,2,1,5,2
130,2,30,3,1,6,5,1,1,4,1,3,2,7,5,7,2,2,3,4,4,5,5,1,5,1,4,2,5,2,2,1,4,1,4,6,2,1,1,6,5,3,4,4,6,1,7,1,4,5,2,1,2,5,4,7,1,1,2,5,1,2,4,5,7,2,1,6,1,1,4,1,2,2,3,1,1,2,1,1,1,4
131,2,26,5,5,6,5,2,3,3,1,3,4,3,3,6,4,1,5,5,5,5,4,2,6,4,5,5,5,5,5,5,5,2,6,4,5,1,1,7,3,2,3,5,6,1,4,3,4,6,2,2,5,6,6,6,6,4,3,2,3,6,6,5,5,2,4,3,5,6,3,3,1,4,4,5,2,5,1,4,2,4
132,2,71,1,1,6,1,1,1,1,1,1,1,7,1,7,1,1,4,4,1,1,1,1,1,7,1,4,1,1,1,1,1,1,1,7,1,1,1,7,4,1,2,1,1,1,1,1,1,4,1,1,1,1,1,1,1,1,1,1,1,1,1,4,1,1,1,1,1,1,1,6,2,1,1,1,1,1,1,1,5,1
133,2,53,6,3,7,6,1,4,3,1,7,1,7,2,7,7,7,6,2,6,6,3,1,7,1,1,6,6,6,2,6,2,4,5,7,4,1,2,2,3,2,7,2,7,1,4,2,2,7,1,4,6,7,7,6,3,3,2,4,2,1,7,2,1,1,1,5,5,5,6,1,3,6,2,1,1,7,1,1,2,2
134,2,28,6,2,6,5,1,4,6,1,2,7,6,1,6,2,1,6,2,2,1,2,1,2,2,2,4,6,2,1,1,1,1,1,4,2,1,1,6,2,1,1,2,4,1,1,1,1,6,2,1,1,3,6,6,1,1,2,1,1,2,2,5,6,1,6,2,2,6,2,1,3,1,6,2,2,2,1,1,4,1
135,2,53,5,6,3,5,1,7,1,1,3,1,7,1,4,4,1,3,1,3,4,1,1,2,1,1,4,3,5,1,2,1,3,1,6,1,1,1,6,4,1,7,1,3,5,7,2,1,4,2,4,1,3,6,7,1,1,1,7,2,7,4,3,1,1,1,7,5,7,6,6,1,5,7,4,1,1,1,1,4,1
136,2,31,2,6,6,6,2,2,6,6,2,6,6,2,6,2,2,6,2,2,6,6,6,6,6,2,2,6,6,2,2,2,2,2,6,2,2,2,6,2,2,6,2,6,2,2,2,2,6,2,2,2,6,6,6,2,2,2,2,2,6,2,2,2,2,2,2,2,6,2,2,2,2,2,6,2,2,2,2,2,2
137,2,37,2,1,6,5,1,1,4,1,4,1,7,2,7,3,2,4,2,4,6,2,1,7,1,1,4,6,1,2,3,1,1,1,7,7,1,1,2,1,1,3,5,5,1,1,2,2,5,7,1,1,4,2,6,1,1,2,1,1,5,7,3,1,1,1,2,1,1,1,5,6,2,5,1,1,4,1,1,1,1
138,1,28,2,2,7,4,2,3,7,3,3,6,3,6,7,1,3,3,5,5,6,5,3,6,6,5,4,6,6,1,4,5,4,4,5,6,2,3,3,6,3,4,3,6,3,4,2,4,1,6,1,1,5,4,6,3,4,4,5,5,5,5,3,4,1,1,5,4,4,5,1,5,2,3,6,1,3,4,1,5,4
139,1,32,5,6,5,4,3,2,5,4,3,6,5,5,4,3,2,5,6,7,5,6,5,6,6,5,2,6,3,6,6,5,5,6,5,2,5,6,5,6,5,2,5,6,5,6,5,4,5,6,6,5,4,5,6,5,4,3,2,5,5,4,5,6,6,5,5,5,6,1,7,2,6,6,5,5,3,6,6,4,4
140,1,32,6,5,4,6,3,4,5,6,3,4,5,4,5,2,3,4,3,5,4,6,4,5,5,6,3,3,4,5,6,7,5,6,5,4,5,6,7,6,5,4,5,6,7,6,5,4,5,6,5,4,5,6,5,6,5,4,3,6,5,4,5,3,4,3,4,5,6,1,5,4,4,5,6,7,3,3,3,4,6
141,1,27,3,5,5,6,2,3,1,6,1,3,4,5,3,3,5,3,4,6,4,3,2,6,5,5,3,3,1,3,5,3,6,3,6,4,1,5,4,5,2,5,3,6,2,3,4,4,4,6,5,1,6,2,7,6,3,5,3,3,7,3,3,4,6,5,7,4,2,2,6,4,3,4,6,7,4,2,5,6,4
142,1,26,2,6,4,5,1,7,5,4,2,6,5,2,4,2,5,5,4,5,3,6,4,6,6,3,2,3,2,4,6,5,6,3,4,2,3,5,3,7,5,2,5,3,6,4,6,2,4,3,6,4,6,3,5,3,6,2,4,6,4,3,3,6,4,6,3,6,4,1,4,3,4,6,4,2,3,6,4,2,4
143,1,28,5,4,3,3,4,3,4,3,2,4,4,4,6,3,3,4,3,5,4,5,6,3,3,3,3,4,4,6,3,5,6,4,4,3,3,4,3,4,4,1,6,5,4,3,6,4,6,5,3,6,4,5,5,6,3,2,3,7,5,7,7,4,4,4,6,3,3,5,5,1,6,6,6,4,2,3,3,4,5
144,1,29,5,5,4,6,3,4,5,5,2,4,5,6,5,4,4,5,6,5,4,5,5,4,5,5,2,5,4,6,6,5,4,5,6,3,4,5,6,5,4,3,5,6,5,6,5,4,5,6,4,5,6,5,6,6,4,4,3,6,6,5,5,6,5,5,6,4,5,3,5,2,5,4,5,6,3,6,5,6,5
145,1,35,2,5,1,2,4,6,3,3,5,2,2,4,3,5,6,2,2,4,2,4,2,4,3,2,6,2,5,3,3,6,2,4,2,4,5,3,2,2,2,6,4,2,3,5,4,2,3,3,2,2,2,4,4,3,4,6,4,2,2,2,3,1,4,2,4,2,2,5,2,6,2,3,2,2,6,3,4,3,4
146,1,25,4,6,6,2,2,6,4,2,7,2,6,6,6,7,7,6,1,1,7,4,4,6,6,6,2,6,2,1,6,1,2,1,6,2,1,1,6,3,1,1,2,4,5,2,2,1,6,1,4,1,5,1,6,1,1,2,2,3,2,6,2,2,1,1,2,2,6,1,2,6,1,1, ,3,4,1,1,6,1
147,1,23,7,3,4,1,3,2,1,1,3,1,6,6,2,3,1,1,7,4,5,1,6,7,2,5,6,6,6,6,2,6,4,5,6,2,3,6,7,5,7,4,3,1,6,5,7,2,1,7,1,7,2,4,4,6,2,2,7,5,7,5,6,7,6,6,4,6,1,5,4,1,5,2,2,1,7,1,6,6,7
148,1,25,4,3,2,5,6,5,4,3,5,4,3,3,5,6,5,2,3,5,3,2,7,3,2,2,2,7,2,7,5,5,6,6,7,4,6,7,7,7,5,3,6,7,4,3,3,2,4,3,3,4,4,3,3,2,4,5,6,3,4,2,5,2,2,3,4,5,2,5,2,5,4,3,3,4,5,5,2,3,4
149,1,31,4,4,7,1,3,7,7,1,3,4,7,6,7,5,4,5,1,4,4,6,1,5,7,1,4,7,4,1,4,4,1,4,7,4,1,1,4,1,1,1,4,7,1,1,1,5,4,1,1,1,7,1,1,1,1,7,1,1,1,4,1,1,1,4,1,1,1,1,4,7,1,1,1,4,1,1,1,4,1
150,1,36,1,1,6,1,2,2,1,1,2,1,6,2,6,4,4,6,1,1,1,1,1,1,1,1,2,1,2,1,1,1,1,1,6,3,1,1,1,1,1,2,5,4,1,1,1,1,1,1,1,1,4,1,1,1,1,4,2,1,1,4,1,1,1,1,1,1,1,2,1,7,1,1,1,1,2,1,1,1,1
151,1,35,4,4,4,4,1,2,6,4,4,1,4,4,6,4,2,4,5,5,5,6,4,5,4,4,4,6,4,4,4,4,1,5,5,2,1,4,4,4,4,3,5,5,1,1,1,5,5,5,5,5,4,1,5,5,4,4,3,5,5,5,5,4,5,1,4,4,6,4,5,3,1,5,5,5,4,4,5,5,4
152,1,33,1,1,6,1,2,6,1,1,5,3,7,6,6,7,5,4,1,4,4,5,1,6,5,1,7,6,4,1,4,1,1,1,5,4,1,1,5,1,1,2,4,6,1,1,2,3,5,1,1,1,6,1,4,1,1,2,2,1,4,6,1,1,1,1,1,1,1,3,1,7,1,1,5,1,3,1,1,1,1
153,1,29,5,1,5,2,2,6,2,5,4,3,6,7,5,5,3,6,6,5,6,5,6,7,5,2,3,7,5,1,6,3,2,4,6,6,2,3,6,2,6,1,4,5,4,4,7,4,4,3,5,3,5,3,7,6,7,7,4,6,7,6,4,6,7,3,4,2,5,2,5,6,2,6,7,6,4,5,6,6,3
154,1,35,2,3,5,4,1,2,6,6,5,1,1,6,6,6,3,6,5,5,5,6,4,5,5,4,4,5,4,4,4,5,2,4,6,2,2,6,5,4,4,3,6,6,2,5,2,5,4,5,5,5,6,1,5,5,4,4,4,5,4,4,6,4,5,4,4,4,5,3,5,7,1,6,4,4,4,5,5,5,1
155,1,28,3,4,5,3,2,4,6,4,5,5,5,5,6,6,3,4,4,5,5,4,5,5,4,5,5,4,5,3,4,5,3,3,5,2,4,3,3,4,5,2,5,4,2,4,2,5,5,4,2,4,5,5,5,4,5,5,4,3,6,5,5,3,4,5,4,3,3,5,5,4,3,3,5,4,4,5,4,5,3
156,1,32,1,1,6,1,1,1,6,1,7,1,7,6,7,7,6,6,4,6,7,6,1,6,6,1,7,7,4,4,4,1,1,7,7,1,1,4,5,4,4,4,6,7,1,4,5,6,6,4,4,4,7,4,6,4,4,4,4,6,4,4,4,4,5,4,2,5,4,4,4,3,1,5,4,4,5,4,4,4,2
157,1,33,2,2,7,5,2,4,4,1,4,1,5,6,7,4,3,7,6,6,5,6,1,6,6,1,7,7,5,1,7,1,4,6,7,3,1,1,6,1,5,6,5,6,1,1,7,6,7,1,6,6,7,3,4,2,6,1,1,2,6,6,7,5,4,5,2,6,6,1,7,7,5,5,5,3,2,7,3,3,4
158,1,42,5,2,5,2,2,3,6,2,3,6,5,4,5,7,2,6,2,2,2,4,3,2,3,1,4,4,2,1,2,1,4,1,6,5,4,5,4,6,1,2,1,6,4,6,2,1,2,1,1,1,6,2,4,5,2,3,2,4,5,2,6,1,1,5,6,1,4,2,2,6,1,5,5,3,2,4,1,7,1
159,1,37,1,1,7,1,1,1,4,1,1,6,7,7,7,1,4,7,1,7,4,7,7,6,7,1,1,4,1,1,1,1,1,1,7,1,1,1,6,7,1,1,7,7,1,1,2,6,3,7,1,1,7,6,3,1,1,1,1,1,1,1,1,1,1,1,1,1,7,7,1,1,1,7,1,1,1,7,7,6,1
160,1,39,6,5,5,5,3,3,5,5,3,4,6,6,6,2,3,5,6,6,6,5,6,6,5,6,2,6,3,6,6,5,6,6,7,2,6,6,5,6,6,6,6,6,6,5,6,6,5,5,5,5,6,6,6,5, ,3,2,6,6,6,6,5,6,5,5,6,5,3,6,2,6,6,6, ,3,5,6,2,5
161,1,21,4,2,6,3,7,5,4,2,3,3,3,2,6,2,5,2,5,3,6,3,2,3,5,2,2,2,5,2,5,4,4,2,2,6,3,5,2,6,2,2,3,2,2,3,6,2,3,2,4,2,6,4,5,1,2,6,7,5,3,2,5,2,4,2,6,4,2,5,6,5,2,5,2,5,5,6,3,5,2
162,1,47,2,2,5,2,2,2,4,2,4,2,6,4,6,6,4,4,2,2,4,4,2,4,2,2,2,5,4,1,4,1,2,2,6,3,2,2,2,2,1,4,2,4,2,2,5,2,4,2,2,1,4,6,6,2,2,2,2,4,6,4,2,2,1,2,2,3,4,2,6,2,2,4,6,2,2,1,4,6,1
163,1,38,2,2,6,2,2,2,6,2,2,2,6,6,6,6,2,4,2,6,2,4,2,6,2,2,6,6,2,2,2,2,2,2,6,2,6,2,2,2,2,2,2,6,6,2,2,2,2,2,2,2,6,2,2,2,2,2,2,2,6,6,2,2,2,2,2,2,2,2,2,2,2,2,6,2,2,2,2,7,1
164,1,45,5,1,5,5,2,2,6,6,3,6,6,6,6,3,2,6,5,5,6,6,2,6,5,6,4,5,5,2,4,2,1,1,7,4,6,4,3,3,4,6,5,4,4,5,5,5,4,5,4,3,7,5,6,6,7,5,3,5,5,5,5,5,4,3,4,3,3,5,2,6,5,5,5,5,4,5,4,5,3
165,1,34,5,4,4,5,4,5,4,3,5,4,4,5,4,4,3,4,3,4,4,5,5,4,5,4,3,4,4,3,4,5,5,3,4,3,4,3,4,5,4,4,5,4,3,4,5,4,3,4,5,4,4,4,5,5,4,3,4,4,5,4,5,4,5,5,4,3,4,3,4,3,5,3,4,5,3,4, ,4,5
166,1,32,2,5,6,2,2,3,6,4,4,5,6,3,5,6,6,3,2,2,3,2,2,3,2,3,7,2,5,2,2,3,2,3,6,6,3,2,3,2,2,4,4,4,2,2,2,4,6,3,5,2,3,2,6,4,2,5,6,2,3,2,2,3,2,2,3,2,2,6,3,4,2,1,2,2,6,2,3,2,2
167,1,39,6,3,5,5,3,3,5,5,3,6,3,5,6,3,3,6,5,5,6,5,5,6,5,6,3,5,3,6,5,4,5,5,6,3,5,6,6,6,5,6,5,5,6,6,6,6,5,6,6,5,5,5,5,6,5,3,2,5,5,4,6,5,6,5,5,5,5,3,6,3,6,4,5,6,4,5,5,5,6
168,1,70,3,1,4,4,2,5,4,1,3,1,7,4,6,2,4,4,3,4,4,4,1,6,1,1,7,6,2,1,1,1,1,1,6,4,1,1,6,2,1,4,1,6,1,2,1,1,4,1,1,1,5,1,4,1,1,4,3,1,4,4,3,1,2,1,2,1,4,4,1,4,2,4,4,1,3,1,4,1,1
169,1,30,6,6,4,5,2,3,4,6,3,4,5,4,5,2,3,5,4,3,5,3,4,2,4,3,4,3,4,4,4,5,5,4,3,4,4,4,4,4,4,3,4,4,5,4,5,5,4,4,4,3,4,5,4,6,4,4,2,4,4,4,6,6,6,6,6,6,6,3,4,2,6,5,6,6,2,5,4,4,3
170,1,34,5,3,6,5,6,5,4,3,3,4,5,5,2,3,6,3,6,4,6,2,4,6,6,2,3,3,4,2,6,5,5,5,2,6,6,4,6,4,2,5,4,6,6,7,4,3,5,2,6,4,3,4,7,5,2,4,6,5,6,5,2,4,6,3,2,4,6,2,3,2,4,6,4,3,2,3,2,5,6
171,1,53,1,1,6,1,1,2,3,1,1,6,6,3,6,3,1,2,2,3,3,6,1,3,7,1,6,1,7,1,1,1,2,1,5,2,1,2,5,1,1,1,1,5,1,1,1,1,1,2,1,1,5,1,2,1,1,2,6,1,3,5,1,1,1,1,2,1,5,1,1,7,1,2,3,1,2,1,1,7,1
172,1,46,2,2,6,2,2,4,6,2,2,2,6,4,6,2,2,7,2,3,2,5,2,2,2,1,3,5,2,2,2,2,2,2,5,6,2,2,2,6,2,2,6,6,2,6,2,2,2,2,2,2,6,2,2,2,2,2,2,2, ,6,6,2,2,2,5,2,3,2,2,2,2,2,2,2,2,2,2,6,2
173,1,45,6,2,5,5,3,3,5,4,4,4,3,5,6,6,2,7,4,5,5,5,2,5,5,4,2,6,2,6,2,3,5,5,6,2,2,6,6,4,5,3,6,6,5,4,5,6,6,6,6,6,6,2,6,2,5,3,3,2,2,6,5,5,5,5,4,5,6,3,2,2,6,2,2,2,5,2,2,2,6
174,1,27,3,4,5,6,3,3,4,3,4,5,5,4,4,5,6,4,4,5,5,5,5,4,3,4,4,5,3,4,3,4,4,6,5,3,4,3,3,4,4,3,5,4,3,6,5,4,5,5,3,3,5,4,3,4,4,3,3,4,3,3,3,3,4,5,6,5,4,4,4,5,3,4,5,4,4,3,3,4,5
175,1,66,2,2,7,3,1,2,3,1,6,3,7,5,7,5,3,5,3,5,3,6,1,6,6,1,6,5,6,1,5,1,1,1,5,5,1,4,5,2,1,5,5,6,1,5,3,1,4,1,5,1,7,1,5,4,3,3,3,5,6,5,3,1,1,2,2,2,6,3,5,6,5,5,5,5,3,3,2,2,1
176,1,31,6,1,7,3,1,3,5,1,4,1,5,5,7,5,2,7,6,5,4,5,1,4,1,1,3,5,1,2,2,2,4,2,5,2,2,5,5,2,5,1,7,6,1,1,1,4,4,1,5,3,7,5,7,1,4,3,3,2,5,7,1,3,3,2,2,2,3,1,6,3,1,1,6,1,4,1,1,4,1
177,1,29,1,1,5,2,1,4,6,3,4,4,7,5,6,2,2,6,2,3,2,6,1,3,2,1,6,4,2,1,1,1,1,3,5,1,1,2,2,3,1,3,4,6,1,1,1,4,2,4,1,1,6,1,6,1,1,3,3,2,2,6,5,1,1,1,1,1,2,1,2,1,1,4,1,1,1,1,1,4,1
178,1,31,5,6,5,6,2,3,2,5,1,2,5,5,6,3,1,5,2,1,1,1,5,1,5,7,2,6,1,1,5,1,1,5,2,1,1,1,7,5,6,1,6,1,1,1,6,5,6,7,1,1,6,2,5,5,6,1,2,7,4,5,6,5,1,1,1,1,2,3,6,1,6,7,6,1,1,1,1,7,1
179,1,52,4,4,4,5,4,4,4,4,4,3,4,4,4,4,4,4,4,4,4,4,4,4,4,4,4,4,4,4,4,4,4,4,7,3,4,4,4,4,4,3,4, ,4,4,4,4,5,4,4,4,4,4,6,4,4,4,4,4,4,4,4,4,4,4,4,4,4,4,4,4,4,4,4,4,4,4,4,4,1
180,1,33,3,1,4,2,1,2,4,1,2,4,7,4,5,5,1,5,4,3,4,3,1,1,1,1,1,4,1,1,1,1,1,1,5,4,1,1,1,4,1,1,7,4,1,4,1,1,4,6,2,1,4,1,5,1,1,3,2,1,5,3,5,1,1,1,2, ,5,2,5,1,1,5,4,1,7,1,1,6,1
181,1,32,2,2,5,5,1,7,2,2,2,1,6,2,6,4,1,5,4,3,7,3,1,1,4,2,4,4,7,2,7,2,3,4,4,5,4,5,6,4,4,5,4,4,4,4,6,4,6,6,5,4,6,4,6,4,5,4,2,2,1,4,4,4,4,2,3,4,4,4,4,5,1,2,1,2,4,4,2,3,1
182,1,33,5,4,6,6,1,6,6,1,3,6,2,6,1,2,3,4,6,6,6,7,3,6,6,4,5,4,2,3,6,6,6,7,6,4,2,5,7,1,5,6,4,4,2,1,5,6,6,1,6,6,7,5,6,4,4,3,6,5,6,4,2,4,5,5,2,6,7,6,5,4,4,2,5,5,5,5,4,4,5
183,1,43,2,1,7,4,1,1,4,1,6,1,6,4,7,5,5,7,2,6,3,5,1,4,4,1,6,6,1,1,1,1,2,4,7,4,1,1,4,1,1,4,5,7,1,1,1,4,2,1,1,1,6,1,5,1,1,7,1,2,1,4,1,1,1,1,1,1,2,3,1,7,1,3,1,1,2,1,1,1,1
184,1,36,1,1,6,2,1,4,6,1,5,1,6,5,7,2,3,7,3,5,5,6,1,6,1,1,1,7,2,3,4,2,1,1,6,4,1,1,6,1,1,5,6,7,1,1,1,6,4,1,1,1,6,2,5,1,1,2,4,2,2,6,1,1,2,1,1,1,1,2,5,4,2,2,1,1,4,1,1,1,1
185,1,23,4,5,3,4,3,4,3,5,5,2,4,5,3,4,5,3,5,6,4,6,4,5,4,2,4,5,5,2,3,4,3,4,5,5,4,5,2,3,4,7,4,5,3,3,5,4,2,3,4,3,2,3,4,5,4,5,4,5,4,2,3,4,5,3,4,5,3,4,6,4,3,4,3,4,3,2,4,6,4
186,1,39,2,2,2,3,1,5,2,2,2,5,6,2,6,5,2,7,6,5,7,3,3,3,2,3,3,6,1,6,5,3,5,6,6,1,5,7,6,5,3,1,6,3,5,6,2,5,7,3,3,5,4,5,7,1,3,2,1,3,6,7,5,3,5,6,3,1,5,1,3,1,1,3,3,2,3,2,1,5,3
187,1,42,3,1,4,1,1,4,5,2,4,2,1,2,4,4,3,4,6,4,6,4,5,4,5,4,1,2,1,7,4,4,5,6,7,1,1,4,5,4,4,3,5,7,1,1,4,7,5,5,4,1,7,1,5,5,4,3,1,5,4,5,4,5,5,1,4,4,5,4,6,1,2,5,4,4,3,5,4,5,4
188,1,22,6,6,7,3,3,2,7,5,6,6,3,5,5,7,3,6,7,4,6,5,2,5,2,1,6,7,3,1,5,1,2,5,5,2,2,1,5,2,1,3,6,7,1,2,5,6,6,3,6,1,7,5,5,6,5,2,3,6,5,6,7,3,2,3,5,2,5,5,6,3,3,2,5,5,2,5,3,6,1
189,1,30,3,2,1,2,2,7,6,2,6,2,2,2,7,6,1,2,2,1,7,2,2,2,2,2,7,1,6,1,1,1,2,2,7,6,2,2,2,1,1,7,2,1,1,2,1,3,2,2,2,1,3,2,2,2,3,6,6,2,2,1,3,2,2,1,3,2,1,7,2,6,3,2,1,1,7,1,2,2,1
190,1,43,6,4,4,4,4,4,4,4,3,7,7,7,7,1,1,7,7,7,7,7,7,7,7,7,1,7,1,7,7,1,6,1,7,1,4,4,7,4,7,7,7,7,7,7,7,7,7,7,7,7,7,7,4,7,7,5,7,1,7,7,7,7,6,5,4,1,6,3,4,4,5,1,1,5,1,1,1,1,1
191,1,50,5,4,3,3,5,5,4,5,4,3,5,5,3,4,4,4,5,3,3,3,5,4,4,5,4,5,4,3,4,4,1,1,7,3, ,3,3,4,3,4,3,3,3,4,3,5,5,5,4,3,7,6,5,4,4,4,4,3,3,5,5,5,5,5,4,3,3,5,3,5,4,4,5,3,5,4,6,4,5
192,1,27,2,3,5,4,2,4,5,5,3,3,6,3,7,2,3,6,6,5,5,6,5,4,5,3,3,5,5,3,5,6,5,5,7,3,2,5,5,3,4,2,6,6,5,5,3,5,6,5,3,4,5,5,5,3,5,2,3,5,6,5,5,4,5,6,5,5,6,3,5,2,2,3,6,5,3,3,4,5,3
193,1,66,2,6,7,3,1,2,7,1,3,4,7,2,7,5,2,6,3,2,5,6,1,6,5,2,6,7,3,3,5,2,5,5,6,3,2,2,5,3,2,4,5,6,2,3,2,3,4,3,2,2,6,5,4,1,2,3,3,3,5,5,4,3,3,3,3,4,5,3,5,3,4,3,5,3,3,2,2,4,2
194,1,31,6,2,6,5,2,3,4,4,5,4,5,5,6,4,3,6,4,6,5,6,3,6,4,3,4,5,4,3,5,3,4,5,6,5,2,5,6,2,4,3,6,6,3,3,5,5,6,3,4,4,7,5,4,4,5,3,3,5,4,5,3,3,3,3,2,4,3,3,4,3,5,5,5,4,3,5,3,5,4
195,1,62,2,2,2,2,1,6,2,3,7,3,7,6,5,3,4,6,5,3,3,4,1,1,3,4,4,3,5,3,3,3,6,5,4,6,4,3,2,2,3,1,4,4,3,5,5,4,4,5,7,6,6,6,5,5,6,3,3,1,2,3,2,4,3,3,3,4,4,6,4,3,1,5,1,2,5,2,2,4,4
196,1,26,5,7,7,2,2,2,7,6,6,7,4,7,7,7,1,7,7,5,7,3,4,5,5,7,7,7,6,5,7,7,6,7,6,1,2,4,6,1,7,3,7,6,5,2,6,7,7,2,6,6,7,6,7,2,5,2,3,3,7,7,7,2,2,7,2,4,7,2,7,6,1,5,7,6,3,6,5,7,5
197,1,19,6,3,4,6,5,5,4,4,1,4,2,5,3,5,3,5,6,6,4,3,3,6,5,7,3,2,5,4,5,5,4,6,4,2,3,2,3,4,3,2,4,3,3,6,3,5,7,5,3,5,6,3,6,5,4,3,2,3,2,5,4,6,4,4,5,1,3,2,5,4,4,1,3,5,4,3,6,6,5
198,1,19,2,2,6,2,2,2,4,2,6,2,6,6,6,1,3,6,6,2,7,6,2,2,2,2,2,4,2,1,1,1,4,1,6,2,2,2,6,6,2,1,2,6,2,5,2,2,6,1,5,1,6,2,7,2,2,2,2,2,5,6,6,2,6,2,5,2,2,2,6,2,2,2,6,3,2,6,2,7,1
199,1,35,6,6,5,6,3,2,5,6,2,6,5,6,6,2,2,6,6,5,6,6,6,6,6,6,2,6,2,7,6,6,6,6,6,1,7,6,6,6,7,1,6,6,6,6,6,6,5,6,6,6,6,6,6,5,6,2,3,6,6,6,6,6,6,7,6,6,6,2,7,2,6,6,6,6,1,6,6,7,6
200,1,25,1,1,1,1,1,7,1,1,4,1,1,4,4,5,6,2,2,1,7,5,2,1,1,1,7,1,7,1,1,4,4,4,7,4,4,4,1,1,1,7,1,1,1,1,1,1,1,4,4,4,1,1,1,6,3,7,7,1,1,1,1,5,2,4,4,4,6,2,4,2,3,5,3,3,4,5,3,3,1
201,1,35,2,2,6,4,1,1,7,1,2,5,7,3,4,2,7,7,3,3,5,6,1,1,2,2,4,4,1,1,1,1,5,5,6,1,1,1,6,1,1,1,7,7,1,1,1,7,1,1,1,1,7,5,6,1,1,1,1,7,1,5,1,1,1,1,1,1,1,1,1,1,1,1,1,1,7,1,1,1,1
202,1,25,5,4,5,5,3,3,4,5,3,5,5,5,5,3,3,5,6,5,5,6,5,5,5,5,3,5,5,5,5,4,4,4,6,4,4,5,4,5,5,3,5,5,4,5,5,4,5,5,6,5,5,4,5,5,5,4,3,5,5,5,5,4,5,4,4,4,5,3,4,3,5,6,5,5,4,5,4,5,4
203,1,47,5,2,3,2,3,5,5,2,4,3,5,2,5,5,4,4,2,2,6,4,2,6,4,5,4,2,4,3,6,5,2,4,5,6,4,5,4,2,4,3,5,3,6,4,4,3,5,5,6,3,4,3,4,2,5,6,4,4,5,2,4,5,4,4,2,5,2,3,6,5,3,2,5,5,3,2,5,5,3
204,1,36,3,6,4,3,3,3,5,4,3,6,4,3,5,2,4,6,3,4,5,5,5,3,4,2,4,5,3,2,2,2,3,3,6,4,3,2,3,3,2,2,2,4,3,3,5,5,5,4,3,5,5,5,4,2,2,3,2,3,5,5,4,2,2,4,4,3,4,2,3,4,2,2,5,5,5,3,2,4,2
205,1,26,5,5,4,5,3,4,1,2,4,1,4,1,6,3,3,6,5,7,6,6,3,4,4,5,3,1,2,5,3,4,5,4,6,3,4,5,4,4,6,1,4,5,1,5,7,5,2,5,6,3,5,4,6,6,3,4,4,6,4,5,7,4,5,4,3,5,5,2,5,2,5,7,5,5,4,6,5,6,7
206,1,36,2,4,1,1,5,7,2,3,7,3,2,3,3,6,5,4,1,2,2,1,3,3,5,2,4,2,5,5,4,6,2,3,2,3,2,4,3,2,5,5,2,3,1,1,2,3,2,2,3,3,3,2,3,4,4,3,6,7,1,1,2,2,2,1,1,2,1,6,2,7,2,1,1,3,7,2,4,3,4
207,1,40,2,2,5,5,2,3,6,2,3,4,6,5,6,4,3,5,4,4,4,5,2,4,4,3,2,6,3,2,4,3,2,3,5,4,2,2,4,4,2,4,4,5,4,4,3,3,3,3,5,3,5,5,5,2,4,3,3,4,5,5,4,2,3,3,4,2,2,3,4,4,2,2,5,2,3,2,3,3,2
208,1,36,2,5,6,3,3,3,5,3,4,2,4,4,5,3,3,5,5,5,5,5,4,5,4,6,6,5,3,2,5,5,3,5,5,2,5,5,5,5,5,4,5,4,4,2,3,2,4,3,4,3,5,5,5,5,5,3,3,5,5,6,2,1,1,3,1,5,5,3,5,4,5,4,5,5,3,5,6,3,5
209,1,41,2,5,5,1,2,2,5,3,3,5,6,6,6,1,3,5,4,5,4,4,2,4,5,2,6,5,5,2,5,2,2,2,4,4,2,3,5,3,3,4,4,4,2,3,2,4,5,2,2,2,4,5,3,2,3,3,2,5,5,3,5,1,2,2,2,2,3,2,5,5,1,5,3,1,7,1,1,1,1
210,1,25,5,2,6,1,3,2,5,6,6,3,5,6,4,3,2,5,5,6,3,5,5,6,3,2,5,5,6,6,5,3,5,6,7,3,6,6,5,2,5,6,6,4,5,4,6,5,4,6,2,4,5,3,6,5,7,6,2,5,6,5,4,7,6,5,7,6,5,4,7,6,2,6,5,7,2,4,3,7,5
211,1,23,1,6,4,2,2,3,4,2,1,6,6,2,7,1,2,5,2,1,2,5,1,1,1,1,3,5,1,1,1,1,6,1,4,3,2,2,7,3,1,2,1,5,3,3,1,1,2,2,1,1,5,1,3,1,2,2,1,2,2,2,1,1,1,1,3,1,5,1,1,3,2,3,1,1,1,2,1,6,1
212,1,57,4,4,5,3,2,4,5,3,3,4,6,5,6,4,5,6,2,5,5,5,3,5,5,3,6,5,3,2,4,3,5,4,6,4,3,2,5,3,2,2,6,5,3,3,3,5,5,2,3,2,5,4,5,3,2,3,3,3,5,5,5,4,3,2,3,2,4,3,5,4,3,3,5,3,3,3,2,6,2
213,1,32,1,1,6,1,1,1,4,4,1,1,1,4,6,7,1,7,1,1,4,4,7,1,1,1,2,6,7,1,7,1,1,1,7,3,1,1,1,1,1,1,4,4,1,1,1,1,1,1,1,1,4,6,1,1,1,1,1,3,7,1,1,1,1,1,1,5,6,2,1,4,1,1,4,1,7,1,1,7,1
214,1,28,5,6,5,5,3,3,5,4,3,5,5,5,6,3,4,4,4,4,3,5,5,6,6,5,2,5,3,6,6,6,5,3,4,4,5,5,5,5,5,2,4,6,5,5,3,3,4,6,6,5,4,5,3,3,3,5,2,6,5,5,5,5,6,5,5,4,5,2,6,3,6,6,6,4,4,7,6,6,6
215,1,48,2,1,6,2,2,3,6,4,3,7,5,6,7,3,3,6,3,6,5,6,2,7,1,5,2,6,7,2,1,1,1,1,7,3,1,2,2,1,1,1,6,6,6,1,1,3,6,3,1,1,7,1,7,7,7,1,2,2,1,6,3,2,2,1,6,6,2,2,6,3,2,2,1,2,2,1,1,6,2
216,1,36,3,5,4,3,4,3,4,5,6,5,5,4,5,4,5,5,5,3,5,5,3,5,3,4,4,5,5,4,5,4,3,5,5,3,4,3,4,5,4,4,3,5,4,3,3,4,5,3,4,3,3,5,4,3,4,5,4,4,3,5,3,4,5,5,5,5,5,4,6,3,6,5,5,5,3,4,3,5,5
217,1,46,4,3,6,5,2,2,6,2,4,5,6,5,6,5,2,7,2,3,2,6,1,4,5,2,5,6,3,2,5,2,1,3,6,2,1,2,4,4,4,3,6,6,1,3,5,4,3,3,3,2,6,5,3,3,3,4,3,6,5,4,5,3,5,5,3,3,3,3,5,2,3,3,5,5,2,2,4,6,2
218,1,28,1,1,5,5,3,2,6,5,3,5,5,4,5,2,4,5,6,6,5,5,4,5,5,1,7,4,3,4,5,1,5,5,6,4,5,5,4,5,4,5,5,6,4,5,5,5,4,5,5,5,4,5,5,5,4,4,3,4,5,4,4,5,4,3,5,5,4,3,5,2,4,5,4,4,3,5,3,4,4
219,1,27,3,2,7,4,4,3,4,2,4,4,6,3,7,3,2,4,3,4,4,5,2,5,5,3,4,5,4,2,3,2,4,3,4,5,2,2,5,3,3,4,2,6,2,2,2,3,4,3,2,2,6,4,3,2,2,2,4,3,5,5,3,2,2,2,3,2,4,3,4,5,3,4,5,3,3,2,2,4,3
220,1,34,5,4,4,5,4,5,4,6,2,6,6,5,6,2,4,7,2,6,4,6,5,4,6,4,3,6,2,5,6,6,6,4,6,2,4,6,6,6,6,6,4,5,5,3,5,4,3,4,1,3,6,6,6,5,5,4,5,3,1,2,3,3,3,3,1,2,6,7,1,7,6,5,1,1,5,1,2,3,2
221,1,33,2,2,6,3,2,2,3,2,6,5,5,4,5,2,6,2,4,6,4,2,2,3,1,6,4,3,2,2,3,4,4,2,7,3,3,3,3,4,3,3,6,5,2,3,6,3,5,4,3,4,3,3,2,5,5,4,3,1,5,7,5,3,2,2,5,4,3,4,2,2,4,2,7,4,6,4,3,2,5
222,1,34,2,6,2,2,7,7,2,6,7,6,1,4,3,1,6,5,7,2,4,1,4,4,6,2,4,3,1,1,1,1,6,2,7,1,6,1,1,4,1,1,6,1,4,4,1,4,2,6,1,2,2,1,1,1,6,4,4,6,6,4,4,7,4,1,4,1,4,4,1,1,1,1,6,2,1,1,4,7,1
223,1,30,2,1,6,1,4,3,2,1,3,1,7,3,6,1,2,7,1,1,5,4,1,1,2,1,4,1,1,1,3,1,6,2,2,7,1,5,1,1,1,1,1,2,6,7,1,1,5,1,1,1,6,2,7,3,1,1,1,1,1,1,7,1,1,1,1,1,5,1,1,1,1,5,1,1,1,1,1,4,1
224,1,35,1,1,1,1,7,7,1,1,2,1,1,1,1,7,7,1,1,1,1,4,2,1,2,1,7,1,2,1,1,1,1,1,1,7,1,1,1,2,1,2,1,1,1,1,1,1,1,3,2,1,1,1,4,1,1,7,7,1,1,1,1,1,1,1,1,1,1,7,1,4,1,4,1,1,7,1,1,5,1
225,1,32,5,6,5,4,3,2,5,4,2,7,5,4,5,2,1,5,6,5,4,3,5,6,5,4,5,4,3,6,7,6,5,6,5,2,4,5,6,7,6, ,4,5,6,6,4,4,5,6,7,6,5,4,5,6,7,2,3,4,3,4,5,6,7,6,5,4,5,1,6,3,4,6,6,5,4,5,6,5,4
226,1,40,3,5,6,5,2,3,6,5,3,5,4,5,6,3,3,7,5,5,5,5,2,6,5,5,6,5,5,5,5,6,5,5,7,5,2,3,5,5,4,6,6,7,2,5,3,5,5,2,1,5,6,5,6,2,5,1,2,5,5,6,6,2,5,2,5,5,6,2,5,2,5,2,5,6,5,6,2,2,4
227,1,47,7,1,5,3,1,1,1,1,7,1,6,2,5,3,3,6,5,3,2,1,1,1,2,1,7,3,2,3,1,3,1,3,4,6,1,1,4,5,1,3,1,1,1,6,2,1,5,1,5,5,4,6,5,4,1,4,3,1,1,1,3,1,1,3,2,1,5,1,1,1,3,6,1,1,1,1,1,7,3
228,1,51,2,4,5,4,2,2,7,3,3,2,6,3,6,5,2,5,4,3,3,4,2,5,5,1,5,4,2,2,1,3,1,2,5,2,2,1,5,2,1,6,4,4,1,1,1,2,4,2,1,1,5,1,3,1,4,3,1,4,1,4,2,3,1,4,2,4,5,2,4,3,2,5,1,5,1,2,2,3,1
229,1,40,5,2,6,5,4,3,4,4,5,5,6,5,6,3,4,5,6,5,5,5,2,6,5,4,6,6,5,4,5,3,2,4,6,3,2,5,6,4,5,5,6,5,2,4,5,5,5,3,5,5,5,5,5,5,4,3,2,5,5,6,5,1,5,5,4,5,5,4,5,5,5,3,3,2,5,3,3,3,4
230,1,32,1,1,7,5,1,1,7,1,3,7,7,7,7,1,2,6,4,7,7,7,1,6,6,2,3,7,1,5,1,1,1,4,5,2,1,5,6,4,4,4,5,7,1,4,1,5,6,6,1,6,7,1,7,7,7,2,2,4,5,5,4,4,3,4,5,3,5,4,5,2,2,2,6,2,2,2,2,2,2
231,1,34,2,2,6,3,3,6,6,6,3,4,4,3,3,4,3,3,4,3,5,3,3,4,5,4,5,5,4,3,5,5,4,5,5,5,4,3,3,4,3,3,5,5,5,3,3,5,4,3,5,2,6,3,3,4,5,4,5,4,4,5,3,5,2,3,4,3,4,3,4,3,3,4,3,5,2,2,2,2,2
232,1,29,7,7,7,5,1,2,7,6,3,7,7,7,5,2,4,7,7,5,6,5,6,6,4,5,3,6,1,7,6,7,7,7,6,1,5,6,2,7,7,3,5,7,6,7,7,7,5,6,6,7,6,5,7,5,7,2,2,3,6,6,7,7,4,6,3,5, , ,1,2,3,1,2,2,2,5,1,2,6
233,1,25,4,4,4,4,4,4,4,4,4,4,4,4,4,4,4,4,4,4,4,4,4,4,4,4,4,4,4,4,4,4,4,4,4,4,4,4,4,4,4,4,4,4,4,4,4,4,4,4,4,4,4,4,4,4,4,4,4,4,4,4,4,4,4,4,4,4,4,4,4,4,4,4,4,4,4,4,4,4,4
234,1,30,4,3,5,5,2,3,5,2,5,4,6,5,6,3,4,6,5,5,6,5,3,5,5,4,5,6,5,5,6,5,3,5,5,5,2,3,6,3,4,3,5,6,3,2,5,5,6,3,2,5,6,3,6,2,5,2,2,3,5,6,2,3,3,4,2,2,4,3,5,3,5,3,5,3,2,2,2,4,5
235,1,29,3,3,4,3,4,4,3,4,5,4,5,4,5,3,4,5,5,5,5,4,4,5,5,5,4,5,4,5,5,4,5,5,6,3,5,6,5,5,6,5,5,5,4,5,5,4,5,4,5,5,4,5,4,5,5,3,4,5,4,5,4,5,4,5,4,4,5,4,5,4,5,5,4,5,3,5,4,5,5
236,1,28,2,6,6,6,2,2,4,6,6,2,7,1,7,1,7,7,7,7,7,1,1,6,1,6,7,6,4,1,1,1,6,2,6,6,2,6,6,2,2,2,7,4,7,1,1,1,6,6,1,1,4,2,6,1,1,2,2,6,6,6,6,2,2,2,2,6,2,2,6,6,1,1,6,6,7,1,1,1,1
237,1,73,5,2,6,5,2,2,6,5,7,6,2,6,6,3,2,6,2,6,2,6,4,6,5,2,6,6,3,1,6,1,4,6,4,2,2,6,5,5,4,6,5,6,3,5,2,4,2,5,2,2,6,2,1,2,2,3,3,6,1,6,4,5,2,2,4,5,5,3,1,3,4,4,1,4,2,5,6,5,1
238,1,41,2,2,5,2,1,1,5,1,6,2,6,5,6,5,5,6,5,3,6,5,1,5,2,2,7,5,2,2,6,2,2,2,7,5,2,2,5,3,2,3,5,6,2,3,2,6,6,3,2,2,6,3,5,2,2,2,2,2,2,7,2,2,5,5,3,2,3,2,5,6,2,2,2,3,5,2,2,5,2
239,1,27,3,2,3,3,3,4,3,5,5,4,4,3,4,3,4,3,4,4,5,4,3,4,5,4,5,4,3,4,4,3,3,4,5,4,4,3,4,5,4,5,3,5,4,4,4,5,4,3,4,4,3,4,3,4,6,3,4,4,4,3,3,3,4,5,4,4,3,5,5,5,2,3,4,3,4,5,5,4,3
240,1,31,3,3,5,5,4,4,4,2,4,3,5,3,5,3,3,3,3,3,5,4,3,3,3,3,3,5,3,3,3,3,3,3,5,3,4,4,5,3,3,2,4,4,3,3,2,3,5,4,4,4,4,3,5,2,3,3,2,4,6,4,5,4,3,5,3,4,4,2,5,3,3,3,6,3,3,4,3,5,4
241,1,35,5,3,5,2,3,5,5,4,7,6,2,5,5,6,2,6,5,6,5,5,5,5,6,3,3,6,5,5,6,2,4,4,6,6,5,6,6,2,4,2,2,5,5,2,5,5,6,5,6,6,4,5,6,3,2,2,2,2,6,6,5,5,4,6,2,2,6,3,5,2,5,6,6,2,5,4,2,5,5
242,1,60,1,1,6,4,1,3,4,1,4,1,7,5,7,4,6,6,4,4,4,6,1,5,6,1,4,7,4,1,6,2,4,4,7,4,1,1,5,1,4,6,5,7,1,1,1,5,4,1,3,2,6,4,4,1,1,1,4,3,4,5,1,1,1,1,1,1,4,1,4,3,1,1,4,1,4,1,1,1,4
243,1,27,4,5,6,2,1,4,3,1,4,2,6,2,7,1,3,5,1,4,5,6,1,4,2,1,6,5,2,2,1,1,3,2,4,6,1,1,5,4,1,2,1,6,1,3,2,2,1,2,1,1,6,3,5,1,1,1,4,1,6,5,4,3,2,1,1,3,5,1,2,3,1,2,6,1,6,3,2,2,2
244,1,32,6,3,3,5,5,6,4,4,6,4,3,3,3,4,3,3,4,3,2,5,3,4,3,5,5,5,5,4,4,4,5,4,3,5,3,5,4,3,4,5,3,4,4,6,4,3,4,4,5,4,4,5,5,3,3,5,5,3,2,3,6,2,3,2,4,2,5,5,2,4,5,3,4,4,5,5,5,3,3
245,1,40,4,4,4,4,4,4,5,5,4,4,4,4,4,4,3,5,4,4,4,4,5,5,4,4,4,3,4,4,4,4,5,5,5,4,4,4,4,4,5,4,5,5,4,4,3,4,4,4,5,4,4,4,4,5,5,4,5,4,4,4,4,5,5,3,3,4,4,4,5,3,4,3,3,4,3,5,5,4,4
246,1,28,5,4,5,2,1,3,4,2,5,4,4,4,2,4,2,2,5,1,6,3,5,3,5,6,4,4,6,5,6,3,6,4,6,6,5,2,3,6,3,3,2,6,4,3,5,4,3,6,2,5,2,6,4,3,4,3,4,2,4,5,3,4,3,5,2,4,3,5,5,5,2,4,3,3,4,4,5,5,3
247,1,30,7,5,6,5,3,4,4,3,4,5,4,4,3,3,3,4,5,3,7,4,5,4,5,6,3,5,2,5,4,6,5,4,6,3,5,6,5,5,6,2,6,5,6,6,5,6,6,4,7,6,5,6,3,6,6,3,2,5,5,6,4,5,5,4,5, ,5,3,7, ,5,3,5,4,3,6,7,5,6
248,1,30,5,4,6,3,2,5,4,3,2,5,5,3,6,3,2,5,2,4,5,5,3,4,6,2,3,5,2,2,4,3,5,5,5,4,3,6,5,2,3,3,2,6,3,2,5,2,5,3,3,4,5,6,5,3,3,3,2,4,5,6,5,4,2,3,4,2,5,2,5,2,2,4,5,3,4,4,5,7,2
249,1,48,5,2,7,5,1,5,5,1,3,5,7,6,7,3,1,5,2,3,5,6,1,7,6,1,7,5,3,1,5,2,2,2,5,3,1,5,6,2,1,7,5,6,2,2,1,1,5,5,3,1,7,5,3,5,5,3,2,3,5,5,1,2,1,3,3,1,1,5,2,6,4,5,3,2,2,2,1,6,1
250,1,30,4,4,5,2,4,4,6,2,6,3,4,3,5,4,4,3,4,4,3,5,4,4,6,4,5,5,4,4,3,4,6,3,4,4,3,4,4,3,3,5,5,4,3,5,4,4,5,4,3,4,4,3,4,3,5,4,3,3,4,4,4,4,5,3,3,4,5,4,4,4,5,4,2,4,4,3,5,4,4
251,1,33,6,3,7,6,1,5,5,2,3,7,3,6,7,4,3,6,6,7,7,5,2,4,5,6,6,7,7,4,3,5,3,6,6,3,1,2,5,4,6,7,6,5,2,1,7,6,6,4,6,5,5,7,5,6,4,2,6,5,4,6,5,3,6,7,3,5,6,1,6,6,6,7,3,6,3,6,7,5,4
252,1,22,6,5,4,4,2,3,4,3,1,2,5,3,5,2,2,5,5,4,5,5,3,1,2,3,5,5,2,3,4,3,4,4,3,5,5,5,5,5,3,3,5,4,5,6,4,5,5,3,5,4,5,5,5,4,3,2,3,3,4,5,5,3,2,2,5,2,4,2,5,2,4,5,5,4,2,3,3,7,2
253,1,21,5,7,6,6,1,2,7,5,2,2,7,7,6,1,2,7,5,6,7,7,7,6,7,7,5,6,1,6,7,7,2,7,7,2,7,6,7,2,6,6,7,2,6,7,5,7,7,6,6,7,6,7,6,7,7,6,2,7,6,7,2,2,6,7,6,7,6,1,5,2,7,7,5,5,1,5,7,6,6
254,1,41,5,5,6,3,3,6,5,3,5,6,5,4,6,5,2,6,2,3,6,4,3,5,5,2,6,6,5,2,2,2,4,3,6,3,2,4,5,5,2,3,2,4,4,5,5,2,6,2,2,2,4,3,5,2,2,4,2,3,4,5,4,2,3,2,5,2,6,2,5,3,2,4,4,3,3,2,3,5,3
255,1,46,6,5,6,3,4,1,6,3,2,3,3,2,5,7,2,2,1,2,3,4,2,3,6,3,2,4,7,3,6,3,2,4,3,3,1,2,5,4,2,7,2,5,6,4,6,2,6,5,2,2,6,4,2,4,1,3,2,4,6,4,6,3,2,5,3,5,4,4,5,4,2,6,3,2,2,2,2,2,1
256,1,37,3,3,5,6,3,5,5,3,6,2,3,5,6,5,2,5,5,5,6,5,3,3,3,2,6,5,4,3,4,2,2,2,5,5,4,5,6,2,3,6,3,5,3,3,4,5,5,5,6,6,6,3,6,2,2,3,3,2,5,6,5,3,4,3,3,5,5,2,6,5,2,6,5,3,2,2,3,6,3
257,1,34,5,2,6,4,1,4,5,1,3,1,7,3,7,2,2,5,3,5,3,6,1,4,5,2,7,4,5,3,6,5,1,5,3,2,1,1,7,2,1,5,4,3,1,2,3,4,4,3,2,4,5,5,5,2,2,1,3,3,5,5,5,3,1,4,4,1,2,1,6,2,3,4,5,3,7,1,1,5,2
258,1,28,4,5,4,2,3,4,5,4,3,3,3,3,6,3,3,5,4,3,3,4,3,4,4,5,4,3,3,3,3,3,3,4,5,2,4,5,3,2,3,3,3,3,4,4,3,4,3,4,2,3,6,6,5,2,4,5,3,3,3,4,3,3,4,3,2,5,5,3,3,4,4,4,3,4,3,5,4,4,3
259,1,45,4,3,4,3,2,5,3,2,2,2,5,3,5,6,1,4,3,3,5,3,3,3,4,5,3,3,4,3,5,5,3,5,5,6,3,6, ,3,3,4,4,5,3,3,5,3,5,3,2,5,5,7,6,2,3,3,2,4,6,5,3,2,3,3,3,3,2,3,5,3,4,5,5,4,5,3,4,5,3
260,1,27,7,1,2,1,2,1,1,2,6,1,6,1,6,6,3,1,1,1,5,3,1,1,2,4,6,4,2,1,2,5,6,2,6,4,2,1,6,7,1,5,1,4,5,7,1,1,5,1,5,1,4,7,4,7,1,1,2,1,5,3,6,1,1,5,7,6,6,1,5,1,1,6,5,2,1,6,4,7,1
261,1,56,5,5,6,6,4,3,6,5,6,5,7,4,7,4,2,5,2,4,5,6,2,6,6,5,3,6,5,2,4,5,2,4,5,2,2,1,4,2,2,3,5,7,2,2,5,4,5,2,5,5,7,5,6,5,2,1,2,4,6,5,2,2,1,1,2,1,5,2,5,3,5,5,6,2,2,1,2,6,2
262,1,29,5,4,4,3,3,4,5,2,4,4,6,4,5,2,2,5,5,4,6,3,2,3,5,2,6,5,3,3,2,2,3,2,5,3,3,5,6,5,4,5,3,4,5,5,2,2,6,2,3,3,4,6,6,2,2,2,3,2,3,6,5,2,2,2,5,3,6,4,3,3,2,6,5,2,2,2,2,2,2
263,1,27,1,1,7,1,1,7,7,1,7,1,7,7,7,7,6,7,6,7,7,7,6,6,4,4,4,6,5,5,5,6,6,6,7,2,6,7,4, ,7,7,5,6,6,4,7,5,7,6,5,7,5,7,7,7,6,1,2,7,6,5,7,7,7,5,6,5,6,3,7,1,5,4,4,5,3,4,5,3,4
264,1,55,3,3,5,2,3,2,5,3,3,5,5,4,6,3,3,5,3,4,5,4,3,4,5,2,5,6,2,2,3,2,5,4,4,3,2,3,5,3,2,2,3,4,4,3,3,3,5,3,2,3,5,3,5,2,3,3,2,3,3,5,3,2,2,2,3,2,3,3,5,3,2,5,3,3,3,2,2,5,2
265,1,30,5,5,4,6,4,2,3,5,5,5,3,2,6,4,1,6,6,2,5,5,6,5,7,2,5,5,5,5,6,6,5,6,3,3,5,6,5,3,2,5,5,6,5,3,5,3,5,6,7,5,5,6,5,5,5,2,1,6,7,5,2,7,1,5,3,5,5,4,6,3,2,7,7,6,2,5,4,3,2
266,1,29,5,3,5,5,3,3,4,3,5,1,6,5,6,6,3,7,6,4,5,4,2,5,4,4,6,5,6,4,5,4,2,4,7,5,2,5,5,4,2,3,6,6,2,4,5,5,5,2,1,5,6,4,6,2,2,5,3,3,4,6,4,2,5,2,3,2,5,4,6,6,4,5,5,3,5,3,2,5,4
267,1,30,6,1,6,4,2,4,5,5,5,2,6,3,6,3,3,7,2,3,5,5,1,5,2,2,5,3,1,1,2,2,4,5,5,4,1,2,4,4,4,6,5,6,4,4,3,6,4,1,1,1,6,3,5,1,4,2,2,2,2,5,3,1,2,2,1,1,4,7,1,3,2,5,5,2,3,1,1,1,2
268,1,27,2,5,4,3,2,4,3,5,4,3,5,3,4,6,2,4,5,3,2,5,3,5,4,6,6,3,6,4,6,5,4,3,5,4,6,4,5,3,4,5,6,4,5,3,5,4,3,6,4,2,5,3,2,5,4,2,5,5,4,2,6,3,5,2,5,3,4,1,3,2,3,6,4,5,6,4,6,3,5
269,1,20,4,1,7,5,1,1,7,5,3,7,7,6,5,3,1,6,6,6,6,7,6,6,7,5,3,6,4,5,7,6,1,4,5,3,4,4,6,5,4,5,7,4,6,4,5,5,5,6,5,6,6,6,7,7,6,2,3,6,6,6,3,3,3,4,5,5,4,5,6,2,6,2,7,7,1,5,5,5,6
270,1,51,3,2,7,5,2,2,5,2,4,4,6,6,6,2,3,4,5,6,5,6,3,5,5,4,3,5,2,2,2,2,2,2,4,4,4,2,4,4,2,6,5,4,2,4,2,3,3,2,1,2,5,3,4,4,4,4,2,5,2,5,5,3,1,1,1,2,3,5,1,6,6,5,1,2,6,1,2,1,1
271,1,28,6,5,6,6,2,3,6,5,3,5,5,6,7,4,3,5,4,5,6,6,6,7,5,6,5,7,3,4,5,4,5,3,7,3,5,3,6,3,3,6,4,2,5,5,5,4,4,4,6,2,5,3,5,5,4,6,5,5,5,5,3,4,5,3,6,4,5,3,5,3,1,6,5,5,3,3,5,5,3
